-- --------------------------------------------------------
-- Host:                         127.0.0.1
-- Versión del servidor:         10.4.32-MariaDB - mariadb.org binary distribution
-- SO del servidor:              Win64
-- HeidiSQL Versión:             12.10.0.7034
-- --------------------------------------------------------

/*!40101 SET @OLD_CHARACTER_SET_CLIENT=@@CHARACTER_SET_CLIENT */;
/*!40101 SET NAMES utf8 */;
/*!50503 SET NAMES utf8mb4 */;
/*!40103 SET @OLD_TIME_ZONE=@@TIME_ZONE */;
/*!40103 SET TIME_ZONE='+00:00' */;
/*!40014 SET @OLD_FOREIGN_KEY_CHECKS=@@FOREIGN_KEY_CHECKS, FOREIGN_KEY_CHECKS=0 */;
/*!40101 SET @OLD_SQL_MODE=@@SQL_MODE, SQL_MODE='NO_AUTO_VALUE_ON_ZERO' */;
/*!40111 SET @OLD_SQL_NOTES=@@SQL_NOTES, SQL_NOTES=0 */;


-- Volcando estructura de base de datos para rigola
CREATE DATABASE IF NOT EXISTS `rigola` /*!40100 DEFAULT CHARACTER SET utf8mb4 COLLATE utf8mb4_unicode_ci */;
USE `rigola`;

-- Volcando estructura para tabla rigola.abuse_reports
CREATE TABLE IF NOT EXISTS `abuse_reports` (
  `id` int(11) NOT NULL AUTO_INCREMENT,
  `reason` varchar(255) NOT NULL,
  `reporting_user_id` int(11) NOT NULL,
  `reported_user_id` int(11) NOT NULL,
  `created_at` datetime NOT NULL,
  `updated_at` datetime NOT NULL,
  `status` int(11) NOT NULL,
  PRIMARY KEY (`id`)
) ENGINE=InnoDB AUTO_INCREMENT=4 DEFAULT CHARSET=utf8mb4 COLLATE=utf8mb4_unicode_ci;

-- Volcando datos para la tabla rigola.abuse_reports: ~0 rows (aproximadamente)

-- Volcando estructura para tabla rigola.banners
CREATE TABLE IF NOT EXISTS `banners` (
  `id` int(11) NOT NULL AUTO_INCREMENT,
  `name` varchar(255) NOT NULL,
  `html_code` text NOT NULL,
  `created_at` datetime NOT NULL,
  `updated_at` datetime NOT NULL,
  PRIMARY KEY (`id`)
) ENGINE=InnoDB AUTO_INCREMENT=4 DEFAULT CHARSET=utf8 COLLATE=utf8_general_ci;

-- Volcando datos para la tabla rigola.banners: ~0 rows (aproximadamente)

-- Volcando estructura para tabla rigola.blocked_user
CREATE TABLE IF NOT EXISTS `blocked_user` (
  `id` int(11) NOT NULL AUTO_INCREMENT,
  `user_id` int(11) NOT NULL,
  `block_user_id` int(11) NOT NULL,
  `created_at` datetime NOT NULL,
  `updated_at` datetime NOT NULL,
  PRIMARY KEY (`id`)
) ENGINE=InnoDB AUTO_INCREMENT=2 DEFAULT CHARSET=utf8mb4 COLLATE=utf8mb4_unicode_ci;

-- Volcando datos para la tabla rigola.blocked_user: ~0 rows (aproximadamente)

-- Volcando estructura para tabla rigola.bots
CREATE TABLE IF NOT EXISTS `bots` (
  `id` int(11) NOT NULL AUTO_INCREMENT,
  `name` varchar(255) CHARACTER SET utf8 COLLATE utf8_general_ci NOT NULL,
  `password` varchar(64) CHARACTER SET utf8 COLLATE utf8_general_ci NOT NULL,
  `gender` int(11) NOT NULL,
  `created_at` datetime NOT NULL,
  `updated_at` datetime NOT NULL,
  `age` int(11) NOT NULL,
  `joining` datetime NOT NULL,
  `photo_id` varchar(255) CHARACTER SET utf8 COLLATE utf8_general_ci NOT NULL,
  `enable` int(11) NOT NULL,
  `user_ids` varchar(1024) CHARACTER SET utf8 COLLATE utf8_general_ci NOT NULL,
  PRIMARY KEY (`id`)
) ENGINE=InnoDB AUTO_INCREMENT=10 DEFAULT CHARSET=utf8mb4 COLLATE=utf8mb4_unicode_ci;

-- Volcando datos para la tabla rigola.bots: ~0 rows (aproximadamente)

-- Volcando estructura para tabla rigola.chats
CREATE TABLE IF NOT EXISTS `chats` (
  `id` int(10) unsigned NOT NULL AUTO_INCREMENT,
  `from_user` int(11) NOT NULL,
  `to_user` int(11) NOT NULL,
  `contact_id` int(11) NOT NULL,
  `notify_status` int(11) NOT NULL,
  `message` varchar(255) NOT NULL,
  `created_at` datetime NOT NULL,
  `updated_at` datetime NOT NULL,
  PRIMARY KEY (`id`)
) ENGINE=InnoDB AUTO_INCREMENT=42 DEFAULT CHARSET=utf8mb4 COLLATE=utf8mb4_unicode_ci;

-- Volcando datos para la tabla rigola.chats: ~9 rows (aproximadamente)
INSERT INTO `chats` (`id`, `from_user`, `to_user`, `contact_id`, `notify_status`, `message`, `created_at`, `updated_at`) VALUES
	(1, 21106, 21105, 30, 0, 'hola', '2025-10-06 15:50:51', '2025-10-06 15:50:51'),
	(2, 21106, 21105, 30, 0, '💋', '2025-10-06 15:51:17', '2025-10-06 15:51:17'),
	(3, 21106, 21105, 30, 0, '😍', '2025-10-06 16:49:04', '2025-10-06 16:49:04'),
	(4, 21106, 21105, 30, 0, '🐠', '2025-10-06 16:49:32', '2025-10-06 16:49:32'),
	(5, 21106, 21105, 30, 0, '❤️', '2025-10-06 16:49:42', '2025-10-06 16:49:42'),
	(6, 21106, 21105, 30, 0, '👀❤️', '2025-10-06 16:50:22', '2025-10-06 16:50:22'),
	(7, 21106, 21105, 30, 0, '☺️', '2025-10-06 16:58:01', '2025-10-06 16:58:01'),
	(40, 21106, 21105, 30, 0, '👍', '2025-10-07 16:43:18', '2025-10-07 16:43:18'),
	(41, 21106, 21105, 30, 0, '💋', '2025-10-07 17:07:25', '2025-10-07 17:07:25');

-- Volcando estructura para tabla rigola.contacts
CREATE TABLE IF NOT EXISTS `contacts` (
  `id` int(11) NOT NULL AUTO_INCREMENT,
  `user_id` int(11) NOT NULL,
  `contact` int(11) NOT NULL,
  `created_at` datetime NOT NULL,
  `updated_at` datetime NOT NULL,
  PRIMARY KEY (`id`)
) ENGINE=InnoDB AUTO_INCREMENT=31 DEFAULT CHARSET=utf8mb4 COLLATE=utf8mb4_unicode_ci;

-- Volcando datos para la tabla rigola.contacts: ~0 rows (aproximadamente)
INSERT INTO `contacts` (`id`, `user_id`, `contact`, `created_at`, `updated_at`) VALUES
	(30, 21106, 21105, '2025-09-29 15:17:53', '2025-09-29 15:17:53');

-- Volcando estructura para tabla rigola.credithistory
CREATE TABLE IF NOT EXISTS `credithistory` (
  `id` int(10) unsigned NOT NULL AUTO_INCREMENT,
  `user_id` int(11) NOT NULL,
  `balance` int(11) NOT NULL,
  `amount` int(11) NOT NULL,
  `type` varchar(200) NOT NULL,
  `created_at` datetime NOT NULL,
  `updated_at` datetime NOT NULL,
  `transaction_id` varchar(64) NOT NULL,
  PRIMARY KEY (`id`)
) ENGINE=InnoDB AUTO_INCREMENT=736 DEFAULT CHARSET=utf8 COLLATE=utf8_unicode_ci;

-- Volcando datos para la tabla rigola.credithistory: ~380 rows (aproximadamente)
INSERT INTO `credithistory` (`id`, `user_id`, `balance`, `amount`, `type`, `created_at`, `updated_at`, `transaction_id`) VALUES
	(356, 21105, 11, 5, 'app.userlogin', '2025-08-17 16:25:33', '2025-08-17 16:25:33', 'N/A'),
	(357, 21105, 16, 5, 'app.userlogin', '2025-08-17 16:26:31', '2025-08-17 16:26:31', 'N/A'),
	(358, 21105, 21, 5, 'app.userlogin', '2025-08-18 12:57:16', '2025-08-18 12:57:16', 'N/A'),
	(359, 21105, 26, 5, 'app.userlogin', '2025-08-18 13:57:51', '2025-08-18 13:57:51', 'N/A'),
	(360, 21105, 31, 5, 'app.userlogin', '2025-08-18 15:14:59', '2025-08-18 15:14:59', 'N/A'),
	(361, 21106, 11, 5, 'app.userlogin', '2025-08-19 10:31:12', '2025-08-19 10:31:12', 'N/A'),
	(362, 21105, 36, 5, 'app.userlogin', '2025-08-19 10:31:51', '2025-08-19 10:31:51', 'N/A'),
	(363, 21105, 41, 5, 'app.userlogin', '2025-08-19 11:39:09', '2025-08-19 11:39:09', 'N/A'),
	(364, 21105, 46, 5, 'app.userlogin', '2025-08-19 12:43:34', '2025-08-19 12:43:34', 'N/A'),
	(365, 21105, 51, 5, 'app.userlogin', '2025-08-19 13:45:41', '2025-08-19 13:45:41', 'N/A'),
	(366, 21106, 16, 5, 'app.userlogin', '2025-09-29 15:15:07', '2025-09-29 15:15:07', 'N/A'),
	(367, 21105, 56, 5, 'app.userlogin', '2025-09-29 15:15:50', '2025-09-29 15:15:50', 'N/A'),
	(368, 21106, 36, 20, 'app.uservisitingprofile', '2025-09-29 15:17:53', '2025-09-29 15:17:53', 'N/A'),
	(369, 21105, 66, 10, 'app.userprofileVisited', '2025-09-29 15:17:53', '2025-09-29 15:17:53', 'N/A'),
	(370, 21106, 56, 20, 'app.uservisitingprofile', '2025-09-29 15:17:53', '2025-09-29 15:17:53', 'N/A'),
	(371, 21105, 76, 10, 'app.userprofileVisited', '2025-09-29 15:17:53', '2025-09-29 15:17:53', 'N/A'),
	(372, 21106, 76, 20, 'app.uservisitingprofile', '2025-09-29 15:17:53', '2025-09-29 15:17:53', 'N/A'),
	(373, 21105, 86, 10, 'app.userprofileVisited', '2025-09-29 15:17:53', '2025-09-29 15:17:53', 'N/A'),
	(374, 21106, 86, 10, 'app.usercontactadded', '2025-09-29 15:17:54', '2025-09-29 15:17:54', 'N/A'),
	(375, 21106, 91, 5, 'app.userlogin', '2025-09-29 15:20:52', '2025-09-29 15:20:52', 'N/A'),
	(376, 21106, 96, 5, 'app.userlogin', '2025-09-29 15:22:16', '2025-09-29 15:22:16', 'N/A'),
	(377, 21106, 101, 5, 'app.userlogin', '2025-09-29 16:21:42', '2025-09-29 16:21:42', 'N/A'),
	(378, 21106, 106, 5, 'app.userlogin', '2025-09-29 16:23:41', '2025-09-29 16:23:41', 'N/A'),
	(379, 21106, 111, 5, 'app.userlogin', '2025-09-29 16:25:11', '2025-09-29 16:25:11', 'N/A'),
	(380, 21105, 91, 5, 'app.userlogin', '2025-09-29 16:26:30', '2025-09-29 16:26:30', 'N/A'),
	(381, 21106, 116, 5, 'app.userlogin', '2025-09-29 16:29:22', '2025-09-29 16:29:22', 'N/A'),
	(382, 21106, 121, 5, 'app.userlogin', '2025-09-29 16:31:11', '2025-09-29 16:31:11', 'N/A'),
	(383, 21106, 126, 5, 'app.userlogin', '2025-09-29 16:33:31', '2025-09-29 16:33:31', 'N/A'),
	(384, 21106, 131, 5, 'app.userlogin', '2025-09-29 16:35:12', '2025-09-29 16:35:12', 'N/A'),
	(385, 21106, 136, 5, 'app.userlogin', '2025-09-29 16:36:57', '2025-09-29 16:36:57', 'N/A'),
	(386, 21106, 141, 5, 'app.userlogin', '2025-09-29 16:39:38', '2025-09-29 16:39:38', 'N/A'),
	(387, 21106, 146, 5, 'app.userlogin', '2025-09-29 16:40:49', '2025-09-29 16:40:49', 'N/A'),
	(388, 21106, 151, 5, 'app.userlogin', '2025-09-29 16:45:21', '2025-09-29 16:45:21', 'N/A'),
	(389, 21106, 156, 5, 'app.userlogin', '2025-09-29 16:47:03', '2025-09-29 16:47:03', 'N/A'),
	(390, 21106, 161, 5, 'app.userlogin', '2025-09-29 16:48:10', '2025-09-29 16:48:10', 'N/A'),
	(391, 21106, 166, 5, 'app.userlogin', '2025-09-29 16:51:34', '2025-09-29 16:51:34', 'N/A'),
	(392, 21106, 171, 5, 'app.userlogin', '2025-09-29 16:53:18', '2025-09-29 16:53:18', 'N/A'),
	(393, 21106, 176, 5, 'app.userlogin', '2025-09-29 16:55:08', '2025-09-29 16:55:08', 'N/A'),
	(394, 21106, 181, 5, 'app.userlogin', '2025-09-30 09:15:57', '2025-09-30 09:15:57', 'N/A'),
	(395, 21106, 186, 5, 'app.userlogin', '2025-09-30 09:29:01', '2025-09-30 09:29:01', 'N/A'),
	(396, 21106, 191, 5, 'app.userlogin', '2025-09-30 09:44:57', '2025-09-30 09:44:57', 'N/A'),
	(397, 21106, 196, 5, 'app.userlogin', '2025-09-30 09:46:41', '2025-09-30 09:46:41', 'N/A'),
	(398, 21106, 201, 5, 'app.userlogin', '2025-09-30 11:00:37', '2025-09-30 11:00:37', 'N/A'),
	(399, 21106, 206, 5, 'app.userlogin', '2025-09-30 11:05:03', '2025-09-30 11:05:03', 'N/A'),
	(400, 21106, 211, 5, 'app.userlogin', '2025-09-30 11:13:50', '2025-09-30 11:13:50', 'N/A'),
	(401, 21106, 216, 5, 'app.userlogin', '2025-09-30 11:14:46', '2025-09-30 11:14:46', 'N/A'),
	(402, 21106, 221, 5, 'app.userlogin', '2025-09-30 11:25:07', '2025-09-30 11:25:07', 'N/A'),
	(403, 21106, 226, 5, 'app.userlogin', '2025-09-30 11:54:09', '2025-09-30 11:54:09', 'N/A'),
	(404, 21106, 231, 5, 'app.userlogin', '2025-09-30 11:57:35', '2025-09-30 11:57:35', 'N/A'),
	(405, 21106, 236, 5, 'app.userlogin', '2025-09-30 13:54:36', '2025-09-30 13:54:36', 'N/A'),
	(406, 21105, 96, 5, 'app.userlogin', '2025-09-30 13:56:24', '2025-09-30 13:56:24', 'N/A'),
	(407, 21106, 241, 5, 'app.userlogin', '2025-09-30 14:02:53', '2025-09-30 14:02:53', 'N/A'),
	(408, 21106, 246, 5, 'app.userlogin', '2025-09-30 15:36:35', '2025-09-30 15:36:35', 'N/A'),
	(409, 21105, 101, 5, 'app.userlogin', '2025-09-30 16:15:11', '2025-09-30 16:15:11', 'N/A'),
	(410, 21106, 251, 5, 'app.userlogin', '2025-09-30 16:41:35', '2025-09-30 16:41:35', 'N/A'),
	(411, 21106, 256, 5, 'app.userlogin', '2025-09-30 16:43:40', '2025-09-30 16:43:40', 'N/A'),
	(412, 21106, 261, 5, 'app.userlogin', '2025-09-30 16:44:18', '2025-09-30 16:44:18', 'N/A'),
	(413, 21106, 266, 5, 'app.userlogin', '2025-09-30 17:03:54', '2025-09-30 17:03:54', 'N/A'),
	(414, 21106, 271, 5, 'app.userlogin', '2025-09-30 18:12:43', '2025-09-30 18:12:43', 'N/A'),
	(415, 21105, 106, 5, 'app.userlogin', '2025-09-30 18:35:59', '2025-09-30 18:35:59', 'N/A'),
	(416, 21106, 276, 5, 'app.userlogin', '2025-09-30 18:39:05', '2025-09-30 18:39:05', 'N/A'),
	(417, 21106, 281, 5, 'app.userlogin', '2025-09-30 18:39:54', '2025-09-30 18:39:54', 'N/A'),
	(418, 21105, 111, 5, 'app.userlogin', '2025-09-30 18:47:33', '2025-09-30 18:47:33', 'N/A'),
	(419, 21106, 286, 5, 'app.userlogin', '2025-09-30 18:50:24', '2025-09-30 18:50:24', 'N/A'),
	(420, 21105, 116, 5, 'app.userlogin', '2025-09-30 18:51:16', '2025-09-30 18:51:16', 'N/A'),
	(421, 21106, 291, 5, 'app.userlogin', '2025-09-30 19:02:07', '2025-09-30 19:02:07', 'N/A'),
	(422, 21106, 296, 5, 'app.userlogin', '2025-10-01 13:43:29', '2025-10-01 13:43:29', 'N/A'),
	(423, 21106, 301, 5, 'app.userlogin', '2025-10-01 13:46:32', '2025-10-01 13:46:32', 'N/A'),
	(424, 21106, 306, 5, 'app.userlogin', '2025-10-01 13:50:04', '2025-10-01 13:50:04', 'N/A'),
	(425, 21106, 311, 5, 'app.userlogin', '2025-10-01 14:02:32', '2025-10-01 14:02:32', 'N/A'),
	(426, 21106, 316, 5, 'app.userlogin', '2025-10-01 14:07:27', '2025-10-01 14:07:27', 'N/A'),
	(427, 21106, 321, 5, 'app.userlogin', '2025-10-01 14:08:15', '2025-10-01 14:08:15', 'N/A'),
	(428, 21106, 326, 5, 'app.userlogin', '2025-10-01 14:20:46', '2025-10-01 14:20:46', 'N/A'),
	(429, 21105, 121, 5, 'app.userlogin', '2025-10-01 14:21:57', '2025-10-01 14:21:57', 'N/A'),
	(430, 21105, 126, 5, 'app.userlogin', '2025-10-01 14:23:48', '2025-10-01 14:23:48', 'N/A'),
	(431, 21105, 131, 5, 'app.userlogin', '2025-10-01 14:25:01', '2025-10-01 14:25:01', 'N/A'),
	(432, 21106, 331, 5, 'app.userlogin', '2025-10-01 14:29:21', '2025-10-01 14:29:21', 'N/A'),
	(433, 21105, 136, 5, 'app.userlogin', '2025-10-01 15:20:48', '2025-10-01 15:20:48', 'N/A'),
	(434, 21105, 141, 5, 'app.userlogin', '2025-10-01 15:22:19', '2025-10-01 15:22:19', 'N/A'),
	(435, 21105, 146, 5, 'app.userlogin', '2025-10-01 15:23:55', '2025-10-01 15:23:55', 'N/A'),
	(436, 21106, 336, 5, 'app.userlogin', '2025-10-01 15:28:58', '2025-10-01 15:28:58', 'N/A'),
	(437, 21106, 341, 5, 'app.userlogin', '2025-10-01 15:29:42', '2025-10-01 15:29:42', 'N/A'),
	(438, 21105, 151, 5, 'app.userlogin', '2025-10-01 15:30:17', '2025-10-01 15:30:17', 'N/A'),
	(439, 21106, 346, 5, 'app.userlogin', '2025-10-01 15:33:43', '2025-10-01 15:33:43', 'N/A'),
	(440, 21105, 156, 5, 'app.userlogin', '2025-10-01 15:34:21', '2025-10-01 15:34:21', 'N/A'),
	(441, 21106, 351, 5, 'app.userlogin', '2025-10-01 15:44:34', '2025-10-01 15:44:34', 'N/A'),
	(442, 21105, 161, 5, 'app.userlogin', '2025-10-01 15:45:00', '2025-10-01 15:45:00', 'N/A'),
	(443, 21106, 356, 5, 'app.userlogin', '2025-10-01 16:46:32', '2025-10-01 16:46:32', 'N/A'),
	(444, 21105, 166, 5, 'app.userlogin', '2025-10-01 16:47:11', '2025-10-01 16:47:11', 'N/A'),
	(445, 21105, 171, 5, 'app.userlogin', '2025-10-01 16:50:22', '2025-10-01 16:50:22', 'N/A'),
	(446, 21105, 176, 5, 'app.userlogin', '2025-10-01 16:52:37', '2025-10-01 16:52:37', 'N/A'),
	(447, 21105, 181, 5, 'app.userlogin', '2025-10-01 16:54:53', '2025-10-01 16:54:53', 'N/A'),
	(448, 21105, 186, 5, 'app.userlogin', '2025-10-01 17:01:11', '2025-10-01 17:01:11', 'N/A'),
	(449, 21106, 361, 5, 'app.userlogin', '2025-10-01 17:04:24', '2025-10-01 17:04:24', 'N/A'),
	(450, 21105, 191, 5, 'app.userlogin', '2025-10-01 17:04:54', '2025-10-01 17:04:54', 'N/A'),
	(451, 21105, 196, 5, 'app.userlogin', '2025-10-02 10:47:44', '2025-10-02 10:47:44', 'N/A'),
	(452, 21105, 201, 5, 'app.userlogin', '2025-10-02 10:49:00', '2025-10-02 10:49:00', 'N/A'),
	(453, 21105, 206, 5, 'app.userlogin', '2025-10-02 10:51:31', '2025-10-02 10:51:31', 'N/A'),
	(454, 21105, 211, 5, 'app.userlogin', '2025-10-02 10:52:40', '2025-10-02 10:52:40', 'N/A'),
	(455, 21105, 216, 5, 'app.userlogin', '2025-10-02 11:15:13', '2025-10-02 11:15:13', 'N/A'),
	(456, 21106, 366, 5, 'app.userlogin', '2025-10-02 11:21:45', '2025-10-02 11:21:45', 'N/A'),
	(457, 21105, 221, 5, 'app.userlogin', '2025-10-02 11:22:15', '2025-10-02 11:22:15', 'N/A'),
	(458, 21105, 226, 5, 'app.userlogin', '2025-10-02 11:25:53', '2025-10-02 11:25:53', 'N/A'),
	(459, 21105, 231, 5, 'app.userlogin', '2025-10-02 11:27:28', '2025-10-02 11:27:28', 'N/A'),
	(460, 21105, 236, 5, 'app.userlogin', '2025-10-02 11:32:16', '2025-10-02 11:32:16', 'N/A'),
	(461, 21105, 241, 5, 'app.userlogin', '2025-10-02 11:39:08', '2025-10-02 11:39:08', 'N/A'),
	(462, 21105, 246, 5, 'app.userlogin', '2025-10-02 11:40:30', '2025-10-02 11:40:30', 'N/A'),
	(463, 21106, 371, 5, 'app.userlogin', '2025-10-02 12:12:25', '2025-10-02 12:12:25', 'N/A'),
	(464, 21106, 376, 5, 'app.userlogin', '2025-10-02 12:35:39', '2025-10-02 12:35:39', 'N/A'),
	(465, 21106, 381, 5, 'app.userlogin', '2025-10-02 12:39:07', '2025-10-02 12:39:07', 'N/A'),
	(466, 21106, 386, 5, 'app.userlogin', '2025-10-02 12:39:50', '2025-10-02 12:39:50', 'N/A'),
	(467, 21105, 251, 5, 'app.userlogin', '2025-10-02 12:40:31', '2025-10-02 12:40:31', 'N/A'),
	(468, 21106, 391, 5, 'app.userlogin', '2025-10-02 12:41:27', '2025-10-02 12:41:27', 'N/A'),
	(469, 21106, 396, 5, 'app.userlogin', '2025-10-02 12:42:33', '2025-10-02 12:42:33', 'N/A'),
	(470, 21106, 401, 5, 'app.userlogin', '2025-10-02 12:43:08', '2025-10-02 12:43:08', 'N/A'),
	(471, 21106, 406, 5, 'app.userlogin', '2025-10-02 12:43:46', '2025-10-02 12:43:46', 'N/A'),
	(472, 21106, 411, 5, 'app.userlogin', '2025-10-02 12:44:06', '2025-10-02 12:44:06', 'N/A'),
	(473, 21106, 416, 5, 'app.userlogin', '2025-10-02 12:44:29', '2025-10-02 12:44:29', 'N/A'),
	(474, 21106, 421, 5, 'app.userlogin', '2025-10-02 12:47:15', '2025-10-02 12:47:15', 'N/A'),
	(475, 21105, 256, 5, 'app.userlogin', '2025-10-02 12:47:50', '2025-10-02 12:47:50', 'N/A'),
	(476, 21105, 261, 5, 'app.userlogin', '2025-10-02 12:49:49', '2025-10-02 12:49:49', 'N/A'),
	(477, 21105, 266, 5, 'app.userlogin', '2025-10-02 12:50:48', '2025-10-02 12:50:48', 'N/A'),
	(478, 21105, 271, 5, 'app.userlogin', '2025-10-02 12:51:38', '2025-10-02 12:51:38', 'N/A'),
	(479, 21106, 426, 5, 'app.userlogin', '2025-10-02 12:55:38', '2025-10-02 12:55:38', 'N/A'),
	(480, 21106, 431, 5, 'app.userlogin', '2025-10-02 12:55:59', '2025-10-02 12:55:59', 'N/A'),
	(481, 21106, 436, 5, 'app.userlogin', '2025-10-02 12:57:24', '2025-10-02 12:57:24', 'N/A'),
	(482, 21105, 276, 5, 'app.userlogin', '2025-10-02 13:00:56', '2025-10-02 13:00:56', 'N/A'),
	(483, 21105, 281, 5, 'app.userlogin', '2025-10-02 13:02:45', '2025-10-02 13:02:45', 'N/A'),
	(484, 21106, 441, 5, 'app.userlogin', '2025-10-02 13:03:12', '2025-10-02 13:03:12', 'N/A'),
	(485, 21106, 446, 5, 'app.userlogin', '2025-10-02 14:27:46', '2025-10-02 14:27:46', 'N/A'),
	(486, 21106, 451, 5, 'app.userlogin', '2025-10-02 14:29:42', '2025-10-02 14:29:42', 'N/A'),
	(487, 21106, 456, 5, 'app.userlogin', '2025-10-02 14:30:16', '2025-10-02 14:30:16', 'N/A'),
	(488, 21106, 461, 5, 'app.userlogin', '2025-10-02 14:38:03', '2025-10-02 14:38:03', 'N/A'),
	(489, 21106, 466, 5, 'app.userlogin', '2025-10-02 14:47:42', '2025-10-02 14:47:42', 'N/A'),
	(490, 21105, 286, 5, 'app.userlogin', '2025-10-02 14:51:32', '2025-10-02 14:51:32', 'N/A'),
	(491, 21106, 471, 5, 'app.userlogin', '2025-10-02 15:13:36', '2025-10-02 15:13:36', 'N/A'),
	(492, 21106, 476, 5, 'app.userlogin', '2025-10-02 15:15:13', '2025-10-02 15:15:13', 'N/A'),
	(493, 21106, 481, 5, 'app.userlogin', '2025-10-02 16:09:40', '2025-10-02 16:09:40', 'N/A'),
	(494, 21106, 486, 5, 'app.userlogin', '2025-10-03 12:44:28', '2025-10-03 12:44:28', 'N/A'),
	(495, 21106, 491, 5, 'app.userlogin', '2025-10-03 13:15:37', '2025-10-03 13:15:37', 'N/A'),
	(496, 21106, 496, 5, 'app.userlogin', '2025-10-03 13:18:06', '2025-10-03 13:18:06', 'N/A'),
	(497, 21106, 501, 5, 'app.userlogin', '2025-10-03 13:18:58', '2025-10-03 13:18:58', 'N/A'),
	(498, 21106, 506, 5, 'app.userlogin', '2025-10-03 13:21:16', '2025-10-03 13:21:16', 'N/A'),
	(499, 21106, 511, 5, 'app.userlogin', '2025-10-03 13:22:11', '2025-10-03 13:22:11', 'N/A'),
	(500, 21106, 516, 5, 'app.userlogin', '2025-10-03 14:03:26', '2025-10-03 14:03:26', 'N/A'),
	(501, 21106, 521, 5, 'app.userlogin', '2025-10-03 14:05:00', '2025-10-03 14:05:00', 'N/A'),
	(502, 21106, 526, 5, 'app.userlogin', '2025-10-03 14:05:56', '2025-10-03 14:05:56', 'N/A'),
	(503, 21106, 531, 5, 'app.userlogin', '2025-10-03 14:06:47', '2025-10-03 14:06:47', 'N/A'),
	(504, 21106, 536, 5, 'app.userlogin', '2025-10-03 14:07:43', '2025-10-03 14:07:43', 'N/A'),
	(505, 21106, 541, 5, 'app.userlogin', '2025-10-03 14:08:44', '2025-10-03 14:08:44', 'N/A'),
	(506, 21106, 546, 5, 'app.userlogin', '2025-10-03 14:36:45', '2025-10-03 14:36:45', 'N/A'),
	(507, 21106, 551, 5, 'app.userlogin', '2025-10-03 14:38:10', '2025-10-03 14:38:10', 'N/A'),
	(508, 21106, 556, 5, 'app.userlogin', '2025-10-03 14:38:40', '2025-10-03 14:38:40', 'N/A'),
	(509, 21106, 561, 5, 'app.userlogin', '2025-10-03 14:39:57', '2025-10-03 14:39:57', 'N/A'),
	(510, 21106, 566, 5, 'app.userlogin', '2025-10-03 14:42:25', '2025-10-03 14:42:25', 'N/A'),
	(511, 21106, 571, 5, 'app.userlogin', '2025-10-03 14:44:44', '2025-10-03 14:44:44', 'N/A'),
	(512, 21106, 576, 5, 'app.userlogin', '2025-10-03 14:49:23', '2025-10-03 14:49:23', 'N/A'),
	(513, 21106, 581, 5, 'app.userlogin', '2025-10-03 14:51:41', '2025-10-03 14:51:41', 'N/A'),
	(514, 21106, 586, 5, 'app.userlogin', '2025-10-03 14:54:22', '2025-10-03 14:54:22', 'N/A'),
	(515, 21106, 591, 5, 'app.userlogin', '2025-10-03 15:03:59', '2025-10-03 15:03:59', 'N/A'),
	(516, 21106, 596, 5, 'app.userlogin', '2025-10-03 15:06:13', '2025-10-03 15:06:13', 'N/A'),
	(517, 21106, 601, 5, 'app.userlogin', '2025-10-03 15:07:01', '2025-10-03 15:07:01', 'N/A'),
	(518, 21106, 606, 5, 'app.userlogin', '2025-10-03 15:09:55', '2025-10-03 15:09:55', 'N/A'),
	(519, 21106, 611, 5, 'app.userlogin', '2025-10-03 15:10:28', '2025-10-03 15:10:28', 'N/A'),
	(520, 21106, 616, 5, 'app.userlogin', '2025-10-03 15:12:47', '2025-10-03 15:12:47', 'N/A'),
	(521, 21106, 621, 5, 'app.userlogin', '2025-10-03 15:14:08', '2025-10-03 15:14:08', 'N/A'),
	(522, 21106, 626, 5, 'app.userlogin', '2025-10-03 15:14:45', '2025-10-03 15:14:45', 'N/A'),
	(523, 21106, 631, 5, 'app.userlogin', '2025-10-03 15:17:07', '2025-10-03 15:17:07', 'N/A'),
	(524, 21106, 636, 5, 'app.userlogin', '2025-10-03 15:17:45', '2025-10-03 15:17:45', 'N/A'),
	(525, 21106, 641, 5, 'app.userlogin', '2025-10-03 15:18:52', '2025-10-03 15:18:52', 'N/A'),
	(526, 21106, 646, 5, 'app.userlogin', '2025-10-03 15:19:38', '2025-10-03 15:19:38', 'N/A'),
	(527, 21106, 651, 5, 'app.userlogin', '2025-10-03 15:21:54', '2025-10-03 15:21:54', 'N/A'),
	(528, 21106, 656, 5, 'app.userlogin', '2025-10-03 15:30:45', '2025-10-03 15:30:45', 'N/A'),
	(529, 21106, 661, 5, 'app.userlogin', '2025-10-03 15:33:01', '2025-10-03 15:33:01', 'N/A'),
	(530, 21106, 666, 5, 'app.userlogin', '2025-10-03 15:39:57', '2025-10-03 15:39:57', 'N/A'),
	(531, 21106, 671, 5, 'app.userlogin', '2025-10-03 15:42:14', '2025-10-03 15:42:14', 'N/A'),
	(532, 21106, 676, 5, 'app.userlogin', '2025-10-03 15:44:56', '2025-10-03 15:44:56', 'N/A'),
	(533, 21106, 681, 5, 'app.userlogin', '2025-10-03 15:47:23', '2025-10-03 15:47:23', 'N/A'),
	(534, 21106, 686, 5, 'app.userlogin', '2025-10-03 15:51:55', '2025-10-03 15:51:55', 'N/A'),
	(535, 21106, 691, 5, 'app.userlogin', '2025-10-03 15:52:34', '2025-10-03 15:52:34', 'N/A'),
	(536, 21106, 696, 5, 'app.userlogin', '2025-10-03 16:06:47', '2025-10-03 16:06:47', 'N/A'),
	(537, 21106, 701, 5, 'app.userlogin', '2025-10-03 16:08:18', '2025-10-03 16:08:18', 'N/A'),
	(538, 21106, 706, 5, 'app.userlogin', '2025-10-03 16:10:29', '2025-10-03 16:10:29', 'N/A'),
	(539, 21106, 711, 5, 'app.userlogin', '2025-10-03 16:11:41', '2025-10-03 16:11:41', 'N/A'),
	(540, 21106, 716, 5, 'app.userlogin', '2025-10-03 16:13:15', '2025-10-03 16:13:15', 'N/A'),
	(541, 21106, 721, 5, 'app.userlogin', '2025-10-03 16:14:52', '2025-10-03 16:14:52', 'N/A'),
	(542, 21106, 726, 5, 'app.userlogin', '2025-10-03 16:16:19', '2025-10-03 16:16:19', 'N/A'),
	(543, 21106, 731, 5, 'app.userlogin', '2025-10-03 16:17:22', '2025-10-03 16:17:22', 'N/A'),
	(544, 21106, 736, 5, 'app.userlogin', '2025-10-03 17:06:59', '2025-10-03 17:06:59', 'N/A'),
	(545, 21106, 741, 5, 'app.userlogin', '2025-10-03 17:10:12', '2025-10-03 17:10:12', 'N/A'),
	(546, 21106, 746, 5, 'app.userlogin', '2025-10-03 17:18:53', '2025-10-03 17:18:53', 'N/A'),
	(547, 21106, 751, 5, 'app.userlogin', '2025-10-03 17:20:56', '2025-10-03 17:20:56', 'N/A'),
	(548, 21106, 756, 5, 'app.userlogin', '2025-10-04 13:37:05', '2025-10-04 13:37:05', 'N/A'),
	(549, 21106, 761, 5, 'app.userlogin', '2025-10-04 14:09:38', '2025-10-04 14:09:38', 'N/A'),
	(550, 21106, 766, 5, 'app.userlogin', '2025-10-04 14:10:27', '2025-10-04 14:10:27', 'N/A'),
	(551, 21106, 771, 5, 'app.userlogin', '2025-10-04 14:31:04', '2025-10-04 14:31:04', 'N/A'),
	(552, 21106, 776, 5, 'app.userlogin', '2025-10-04 14:32:12', '2025-10-04 14:32:12', 'N/A'),
	(553, 21106, 781, 5, 'app.userlogin', '2025-10-04 14:38:35', '2025-10-04 14:38:35', 'N/A'),
	(554, 21106, 786, 5, 'app.userlogin', '2025-10-04 14:40:33', '2025-10-04 14:40:33', 'N/A'),
	(555, 21106, 791, 5, 'app.userlogin', '2025-10-04 14:46:02', '2025-10-04 14:46:02', 'N/A'),
	(556, 21106, 796, 5, 'app.userlogin', '2025-10-04 14:48:14', '2025-10-04 14:48:14', 'N/A'),
	(557, 21106, 801, 5, 'app.userlogin', '2025-10-04 15:27:16', '2025-10-04 15:27:16', 'N/A'),
	(558, 21106, 806, 5, 'app.userlogin', '2025-10-04 15:39:19', '2025-10-04 15:39:19', 'N/A'),
	(559, 21106, 811, 5, 'app.userlogin', '2025-10-04 15:40:13', '2025-10-04 15:40:13', 'N/A'),
	(560, 21106, 816, 5, 'app.userlogin', '2025-10-04 15:46:34', '2025-10-04 15:46:34', 'N/A'),
	(561, 21106, 821, 5, 'app.userlogin', '2025-10-04 15:50:58', '2025-10-04 15:50:58', 'N/A'),
	(562, 21106, 826, 5, 'app.userlogin', '2025-10-04 15:57:45', '2025-10-04 15:57:45', 'N/A'),
	(563, 21106, 831, 5, 'app.userlogin', '2025-10-04 15:59:11', '2025-10-04 15:59:11', 'N/A'),
	(564, 21106, 836, 5, 'app.userlogin', '2025-10-04 16:01:06', '2025-10-04 16:01:06', 'N/A'),
	(565, 21106, 841, 5, 'app.userlogin', '2025-10-04 16:04:52', '2025-10-04 16:04:52', 'N/A'),
	(566, 21106, 846, 5, 'app.userlogin', '2025-10-04 16:11:44', '2025-10-04 16:11:44', 'N/A'),
	(567, 21106, 851, 5, 'app.userlogin', '2025-10-04 16:13:03', '2025-10-04 16:13:03', 'N/A'),
	(568, 21106, 856, 5, 'app.userlogin', '2025-10-04 16:14:11', '2025-10-04 16:14:11', 'N/A'),
	(569, 21106, 861, 5, 'app.userlogin', '2025-10-04 16:15:41', '2025-10-04 16:15:41', 'N/A'),
	(570, 21106, 866, 5, 'app.userlogin', '2025-10-04 16:16:17', '2025-10-04 16:16:17', 'N/A'),
	(571, 21106, 871, 5, 'app.userlogin', '2025-10-04 16:17:13', '2025-10-04 16:17:13', 'N/A'),
	(572, 21106, 876, 5, 'app.userlogin', '2025-10-04 16:36:25', '2025-10-04 16:36:25', 'N/A'),
	(573, 21106, 881, 5, 'app.userlogin', '2025-10-04 16:42:40', '2025-10-04 16:42:40', 'N/A'),
	(574, 21106, 886, 5, 'app.userlogin', '2025-10-04 16:44:49', '2025-10-04 16:44:49', 'N/A'),
	(575, 21106, 891, 5, 'app.userlogin', '2025-10-04 16:46:24', '2025-10-04 16:46:24', 'N/A'),
	(576, 21106, 896, 5, 'app.userlogin', '2025-10-04 16:48:35', '2025-10-04 16:48:35', 'N/A'),
	(577, 21106, 901, 5, 'app.userlogin', '2025-10-04 16:50:04', '2025-10-04 16:50:04', 'N/A'),
	(578, 21106, 906, 5, 'app.userlogin', '2025-10-04 16:58:01', '2025-10-04 16:58:01', 'N/A'),
	(579, 21106, 911, 5, 'app.userlogin', '2025-10-04 17:01:48', '2025-10-04 17:01:48', 'N/A'),
	(580, 21106, 916, 5, 'app.userlogin', '2025-10-04 17:03:18', '2025-10-04 17:03:18', 'N/A'),
	(581, 21106, 921, 5, 'app.userlogin', '2025-10-04 17:13:04', '2025-10-04 17:13:04', 'N/A'),
	(582, 21106, 926, 5, 'app.userlogin', '2025-10-04 17:15:16', '2025-10-04 17:15:16', 'N/A'),
	(583, 21106, 931, 5, 'app.userlogin', '2025-10-04 17:36:35', '2025-10-04 17:36:35', 'N/A'),
	(584, 21106, 936, 5, 'app.userlogin', '2025-10-04 17:41:26', '2025-10-04 17:41:26', 'N/A'),
	(585, 21106, 941, 5, 'app.userlogin', '2025-10-04 17:43:23', '2025-10-04 17:43:23', 'N/A'),
	(586, 21106, 946, 5, 'app.userlogin', '2025-10-04 17:45:52', '2025-10-04 17:45:52', 'N/A'),
	(587, 21106, 951, 5, 'app.userlogin', '2025-10-04 17:48:43', '2025-10-04 17:48:43', 'N/A'),
	(588, 21106, 956, 5, 'app.userlogin', '2025-10-04 17:52:48', '2025-10-04 17:52:48', 'N/A'),
	(589, 21106, 961, 5, 'app.userlogin', '2025-10-04 17:56:31', '2025-10-04 17:56:31', 'N/A'),
	(590, 21106, 966, 5, 'app.userlogin', '2025-10-04 18:09:19', '2025-10-04 18:09:19', 'N/A'),
	(591, 21106, 971, 5, 'app.userlogin', '2025-10-04 18:10:56', '2025-10-04 18:10:56', 'N/A'),
	(592, 21106, 976, 5, 'app.userlogin', '2025-10-04 18:15:01', '2025-10-04 18:15:01', 'N/A'),
	(593, 21106, 981, 5, 'app.userlogin', '2025-10-04 18:16:30', '2025-10-04 18:16:30', 'N/A'),
	(594, 21106, 986, 5, 'app.userlogin', '2025-10-04 18:19:42', '2025-10-04 18:19:42', 'N/A'),
	(595, 21106, 991, 5, 'app.userlogin', '2025-10-04 18:26:49', '2025-10-04 18:26:49', 'N/A'),
	(596, 21106, 996, 5, 'app.userlogin', '2025-10-04 18:40:24', '2025-10-04 18:40:24', 'N/A'),
	(597, 21106, 1001, 5, 'app.userlogin', '2025-10-04 18:46:35', '2025-10-04 18:46:35', 'N/A'),
	(598, 21106, 1006, 5, 'app.userlogin', '2025-10-04 18:49:13', '2025-10-04 18:49:13', 'N/A'),
	(599, 21106, 1011, 5, 'app.userlogin', '2025-10-04 18:52:37', '2025-10-04 18:52:37', 'N/A'),
	(600, 21106, 1016, 5, 'app.userlogin', '2025-10-04 18:55:27', '2025-10-04 18:55:27', 'N/A'),
	(601, 21106, 1021, 5, 'app.userlogin', '2025-10-04 18:59:52', '2025-10-04 18:59:52', 'N/A'),
	(602, 21106, 1026, 5, 'app.userlogin', '2025-10-04 19:04:40', '2025-10-04 19:04:40', 'N/A'),
	(603, 21106, 1031, 5, 'app.userlogin', '2025-10-04 19:16:39', '2025-10-04 19:16:39', 'N/A'),
	(604, 21106, 1036, 5, 'app.userlogin', '2025-10-04 19:23:14', '2025-10-04 19:23:14', 'N/A'),
	(605, 21106, 1041, 5, 'app.userlogin', '2025-10-04 19:52:16', '2025-10-04 19:52:16', 'N/A'),
	(606, 21106, 1046, 5, 'app.userlogin', '2025-10-04 20:05:29', '2025-10-04 20:05:29', 'N/A'),
	(607, 21106, 1051, 5, 'app.userlogin', '2025-10-04 20:17:24', '2025-10-04 20:17:24', 'N/A'),
	(608, 21106, 1056, 5, 'app.userlogin', '2025-10-04 20:26:28', '2025-10-04 20:26:28', 'N/A'),
	(609, 21106, 1061, 5, 'app.userlogin', '2025-10-04 20:28:51', '2025-10-04 20:28:51', 'N/A'),
	(610, 21106, 1066, 5, 'app.userlogin', '2025-10-04 20:30:34', '2025-10-04 20:30:34', 'N/A'),
	(611, 21106, 1071, 5, 'app.userlogin', '2025-10-04 20:34:15', '2025-10-04 20:34:15', 'N/A'),
	(612, 21106, 1076, 5, 'app.userlogin', '2025-10-04 20:37:18', '2025-10-04 20:37:18', 'N/A'),
	(613, 21106, 1081, 5, 'app.userlogin', '2025-10-04 20:39:11', '2025-10-04 20:39:11', 'N/A'),
	(614, 21106, 1086, 5, 'app.userlogin', '2025-10-04 20:40:59', '2025-10-04 20:40:59', 'N/A'),
	(615, 21106, 1091, 5, 'app.userlogin', '2025-10-04 20:43:01', '2025-10-04 20:43:01', 'N/A'),
	(616, 21106, 1096, 5, 'app.userlogin', '2025-10-04 20:48:22', '2025-10-04 20:48:22', 'N/A'),
	(617, 21106, 1101, 5, 'app.userlogin', '2025-10-04 20:49:50', '2025-10-04 20:49:50', 'N/A'),
	(618, 21106, 1106, 5, 'app.userlogin', '2025-10-04 20:54:03', '2025-10-04 20:54:03', 'N/A'),
	(619, 21106, 1111, 5, 'app.userlogin', '2025-10-04 20:55:05', '2025-10-04 20:55:05', 'N/A'),
	(620, 21106, 1116, 5, 'app.userlogin', '2025-10-04 20:56:14', '2025-10-04 20:56:14', 'N/A'),
	(621, 21106, 1121, 5, 'app.userlogin', '2025-10-05 10:11:29', '2025-10-05 10:11:29', 'N/A'),
	(622, 21106, 1126, 5, 'app.userlogin', '2025-10-05 10:15:24', '2025-10-05 10:15:24', 'N/A'),
	(623, 21106, 1131, 5, 'app.userlogin', '2025-10-05 10:21:40', '2025-10-05 10:21:40', 'N/A'),
	(624, 21106, 1136, 5, 'app.userlogin', '2025-10-05 10:43:15', '2025-10-05 10:43:15', 'N/A'),
	(625, 21106, 1141, 5, 'app.userlogin', '2025-10-05 10:47:53', '2025-10-05 10:47:53', 'N/A'),
	(626, 21106, 1146, 5, 'app.userlogin', '2025-10-05 11:00:10', '2025-10-05 11:00:10', 'N/A'),
	(627, 21106, 1151, 5, 'app.userlogin', '2025-10-05 11:13:13', '2025-10-05 11:13:13', 'N/A'),
	(628, 21106, 1156, 5, 'app.userlogin', '2025-10-05 11:24:11', '2025-10-05 11:24:11', 'N/A'),
	(629, 21106, 1161, 5, 'app.userlogin', '2025-10-05 12:05:50', '2025-10-05 12:05:50', 'N/A'),
	(630, 21106, 1166, 5, 'app.userlogin', '2025-10-05 12:08:08', '2025-10-05 12:08:08', 'N/A'),
	(631, 21106, 1171, 5, 'app.userlogin', '2025-10-05 12:14:20', '2025-10-05 12:14:20', 'N/A'),
	(632, 21106, 1176, 5, 'app.userlogin', '2025-10-05 12:20:32', '2025-10-05 12:20:32', 'N/A'),
	(633, 21106, 1181, 5, 'app.userlogin', '2025-10-05 12:21:26', '2025-10-05 12:21:26', 'N/A'),
	(634, 21106, 1186, 5, 'app.userlogin', '2025-10-05 12:33:45', '2025-10-05 12:33:45', 'N/A'),
	(635, 21106, 1191, 5, 'app.userlogin', '2025-10-05 12:34:46', '2025-10-05 12:34:46', 'N/A'),
	(636, 21106, 1196, 5, 'app.userlogin', '2025-10-05 12:39:54', '2025-10-05 12:39:54', 'N/A'),
	(637, 21106, 1201, 5, 'app.userlogin', '2025-10-05 12:51:37', '2025-10-05 12:51:37', 'N/A'),
	(638, 21106, 1206, 5, 'app.userlogin', '2025-10-05 12:52:54', '2025-10-05 12:52:54', 'N/A'),
	(639, 21106, 1211, 5, 'app.userlogin', '2025-10-05 13:06:59', '2025-10-05 13:06:59', 'N/A'),
	(640, 21106, 1216, 5, 'app.userlogin', '2025-10-05 13:07:48', '2025-10-05 13:07:48', 'N/A'),
	(641, 21106, 1221, 5, 'app.userlogin', '2025-10-05 13:08:56', '2025-10-05 13:08:56', 'N/A'),
	(642, 21106, 1226, 5, 'app.userlogin', '2025-10-05 13:13:18', '2025-10-05 13:13:18', 'N/A'),
	(643, 21106, 1231, 5, 'app.userlogin', '2025-10-05 13:14:34', '2025-10-05 13:14:34', 'N/A'),
	(644, 21106, 1236, 5, 'app.userlogin', '2025-10-05 13:15:25', '2025-10-05 13:15:25', 'N/A'),
	(645, 21106, 1241, 5, 'app.userlogin', '2025-10-05 13:16:25', '2025-10-05 13:16:25', 'N/A'),
	(646, 21106, 1246, 5, 'app.userlogin', '2025-10-05 13:25:38', '2025-10-05 13:25:38', 'N/A'),
	(647, 21106, 1251, 5, 'app.userlogin', '2025-10-05 13:26:58', '2025-10-05 13:26:58', 'N/A'),
	(648, 21106, 1256, 5, 'app.userlogin', '2025-10-05 13:29:26', '2025-10-05 13:29:26', 'N/A'),
	(649, 21106, 1261, 5, 'app.userlogin', '2025-10-05 13:45:39', '2025-10-05 13:45:39', 'N/A'),
	(650, 21106, 1266, 5, 'app.userlogin', '2025-10-05 13:46:47', '2025-10-05 13:46:47', 'N/A'),
	(651, 21106, 1271, 5, 'app.userlogin', '2025-10-05 14:12:16', '2025-10-05 14:12:16', 'N/A'),
	(652, 21106, 1276, 5, 'app.userlogin', '2025-10-05 14:16:20', '2025-10-05 14:16:20', 'N/A'),
	(653, 21106, 1281, 5, 'app.userlogin', '2025-10-05 14:28:56', '2025-10-05 14:28:56', 'N/A'),
	(654, 21106, 1286, 5, 'app.userlogin', '2025-10-05 14:33:22', '2025-10-05 14:33:22', 'N/A'),
	(655, 21106, 1291, 5, 'app.userlogin', '2025-10-05 14:33:54', '2025-10-05 14:33:54', 'N/A'),
	(656, 21106, 1296, 5, 'app.userlogin', '2025-10-05 14:34:29', '2025-10-05 14:34:29', 'N/A'),
	(657, 21106, 1301, 5, 'app.userlogin', '2025-10-05 14:45:31', '2025-10-05 14:45:31', 'N/A'),
	(658, 21106, 1306, 5, 'app.userlogin', '2025-10-05 14:46:47', '2025-10-05 14:46:47', 'N/A'),
	(659, 21106, 1311, 5, 'app.userlogin', '2025-10-05 14:48:48', '2025-10-05 14:48:48', 'N/A'),
	(660, 21106, 1316, 5, 'app.userlogin', '2025-10-05 14:49:49', '2025-10-05 14:49:49', 'N/A'),
	(661, 21106, 1321, 5, 'app.userlogin', '2025-10-05 14:51:02', '2025-10-05 14:51:02', 'N/A'),
	(662, 21106, 1326, 5, 'app.userlogin', '2025-10-05 14:54:53', '2025-10-05 14:54:53', 'N/A'),
	(663, 21106, 1331, 5, 'app.userlogin', '2025-10-05 14:57:14', '2025-10-05 14:57:14', 'N/A'),
	(664, 21106, 1336, 5, 'app.userlogin', '2025-10-05 14:58:10', '2025-10-05 14:58:10', 'N/A'),
	(665, 21106, 1341, 5, 'app.userlogin', '2025-10-05 14:59:08', '2025-10-05 14:59:08', 'N/A'),
	(666, 21106, 1346, 5, 'app.userlogin', '2025-10-05 15:08:44', '2025-10-05 15:08:44', 'N/A'),
	(667, 21106, 1351, 5, 'app.userlogin', '2025-10-05 15:09:33', '2025-10-05 15:09:33', 'N/A'),
	(668, 21106, 1356, 5, 'app.userlogin', '2025-10-05 15:10:11', '2025-10-05 15:10:11', 'N/A'),
	(669, 21106, 1361, 5, 'app.userlogin', '2025-10-05 15:12:28', '2025-10-05 15:12:28', 'N/A'),
	(670, 21106, 1366, 5, 'app.userlogin', '2025-10-05 15:13:12', '2025-10-05 15:13:12', 'N/A'),
	(671, 21106, 1371, 5, 'app.userlogin', '2025-10-05 15:30:44', '2025-10-05 15:30:44', 'N/A'),
	(672, 21106, 1376, 5, 'app.userlogin', '2025-10-05 15:31:40', '2025-10-05 15:31:40', 'N/A'),
	(673, 21106, 1381, 5, 'app.userlogin', '2025-10-05 15:36:15', '2025-10-05 15:36:15', 'N/A'),
	(674, 21106, 1386, 5, 'app.userlogin', '2025-10-05 16:03:58', '2025-10-05 16:03:58', 'N/A'),
	(675, 21106, 1391, 5, 'app.userlogin', '2025-10-05 16:07:04', '2025-10-05 16:07:04', 'N/A'),
	(676, 21106, 1396, 5, 'app.userlogin', '2025-10-05 16:26:57', '2025-10-05 16:26:57', 'N/A'),
	(677, 21106, 1401, 5, 'app.userlogin', '2025-10-05 16:27:50', '2025-10-05 16:27:50', 'N/A'),
	(678, 21106, 1406, 5, 'app.userlogin', '2025-10-05 16:50:55', '2025-10-05 16:50:55', 'N/A'),
	(679, 21106, 1411, 5, 'app.userlogin', '2025-10-05 17:07:40', '2025-10-05 17:07:40', 'N/A'),
	(680, 21106, 1416, 5, 'app.userlogin', '2025-10-05 17:08:48', '2025-10-05 17:08:48', 'N/A'),
	(681, 21106, 1421, 5, 'app.userlogin', '2025-10-05 17:10:18', '2025-10-05 17:10:18', 'N/A'),
	(682, 21106, 1426, 5, 'app.userlogin', '2025-10-06 10:23:51', '2025-10-06 10:23:51', 'N/A'),
	(683, 21106, 1431, 5, 'app.userlogin', '2025-10-06 10:26:20', '2025-10-06 10:26:20', 'N/A'),
	(684, 21106, 1436, 5, 'app.userlogin', '2025-10-06 10:27:25', '2025-10-06 10:27:25', 'N/A'),
	(685, 21106, 1441, 5, 'app.userlogin', '2025-10-06 10:28:40', '2025-10-06 10:28:40', 'N/A'),
	(686, 21106, 1446, 5, 'app.userlogin', '2025-10-06 10:30:26', '2025-10-06 10:30:26', 'N/A'),
	(687, 21106, 1456, 5, 'app.userlogin', '2025-10-06 11:02:11', '2025-10-06 11:02:11', 'N/A'),
	(688, 21106, 1461, 5, 'app.userlogin', '2025-10-06 11:06:31', '2025-10-06 11:06:31', 'N/A'),
	(689, 21106, 1471, 5, 'app.userlogin', '2025-10-06 11:09:02', '2025-10-06 11:09:02', 'N/A'),
	(690, 21106, 1481, 5, 'app.userlogin', '2025-10-06 11:12:26', '2025-10-06 11:12:26', 'N/A'),
	(691, 21106, 1486, 5, 'app.userlogin', '2025-10-06 11:49:39', '2025-10-06 11:49:39', 'N/A'),
	(692, 21106, 1546, 5, 'app.userlogin', '2025-10-06 12:12:18', '2025-10-06 12:12:18', 'N/A'),
	(693, 21106, 1556, 5, 'app.userlogin', '2025-10-06 12:23:16', '2025-10-06 12:23:16', 'N/A'),
	(694, 21106, 1561, 5, 'app.userlogin', '2025-10-06 12:40:38', '2025-10-06 12:40:38', 'N/A'),
	(695, 21106, 1566, 5, 'app.userlogin', '2025-10-06 12:56:20', '2025-10-06 12:56:20', 'N/A'),
	(696, 21106, 1571, 5, 'app.userlogin', '2025-10-06 13:01:15', '2025-10-06 13:01:15', 'N/A'),
	(697, 21106, 1576, 5, 'app.userlogin', '2025-10-06 13:03:00', '2025-10-06 13:03:00', 'N/A'),
	(698, 21106, 1581, 5, 'app.userlogin', '2025-10-06 13:05:03', '2025-10-06 13:05:03', 'N/A'),
	(699, 21106, 1586, 5, 'app.userlogin', '2025-10-06 13:13:35', '2025-10-06 13:13:35', 'N/A'),
	(700, 21106, 1591, 5, 'app.userlogin', '2025-10-06 13:15:24', '2025-10-06 13:15:24', 'N/A'),
	(701, 21106, 1596, 5, 'app.userlogin', '2025-10-06 13:25:57', '2025-10-06 13:25:57', 'N/A'),
	(702, 21106, 1606, 5, 'app.userlogin', '2025-10-06 13:29:11', '2025-10-06 13:29:11', 'N/A'),
	(703, 21106, 1611, 5, 'app.userlogin', '2025-10-06 13:41:32', '2025-10-06 13:41:32', 'N/A'),
	(704, 21106, 1616, 5, 'app.userlogin', '2025-10-06 13:45:02', '2025-10-06 13:45:02', 'N/A'),
	(705, 21106, 1621, 5, 'app.userlogin', '2025-10-06 13:46:54', '2025-10-06 13:46:54', 'N/A'),
	(706, 21106, 1626, 5, 'app.userlogin', '2025-10-06 13:49:08', '2025-10-06 13:49:08', 'N/A'),
	(707, 21106, 1631, 5, 'app.userlogin', '2025-10-06 13:55:05', '2025-10-06 13:55:05', 'N/A'),
	(708, 21106, 1636, 5, 'app.userlogin', '2025-10-06 13:57:00', '2025-10-06 13:57:00', 'N/A'),
	(709, 21106, 1641, 5, 'app.userlogin', '2025-10-06 13:59:01', '2025-10-06 13:59:01', 'N/A'),
	(710, 21106, 1646, 5, 'app.userlogin', '2025-10-06 14:20:03', '2025-10-06 14:20:03', 'N/A'),
	(711, 21106, 1651, 5, 'app.userlogin', '2025-10-06 14:45:52', '2025-10-06 14:45:52', 'N/A'),
	(712, 21106, 1656, 5, 'app.userlogin', '2025-10-06 14:46:30', '2025-10-06 14:46:30', 'N/A'),
	(713, 21106, 1661, 5, 'app.userlogin', '2025-10-06 14:48:00', '2025-10-06 14:48:00', 'N/A'),
	(714, 21106, 1666, 5, 'app.userlogin', '2025-10-06 14:50:18', '2025-10-06 14:50:18', 'N/A'),
	(715, 21106, 1671, 5, 'app.userlogin', '2025-10-06 14:51:10', '2025-10-06 14:51:10', 'N/A'),
	(716, 21106, 1676, 5, 'app.userlogin', '2025-10-06 15:03:21', '2025-10-06 15:03:21', 'N/A'),
	(717, 21106, 1681, 5, 'app.userlogin', '2025-10-06 15:04:01', '2025-10-06 15:04:01', 'N/A'),
	(718, 21106, 1686, 5, 'app.userlogin', '2025-10-06 15:05:19', '2025-10-06 15:05:19', 'N/A'),
	(719, 21106, 1691, 5, 'app.userlogin', '2025-10-06 15:15:20', '2025-10-06 15:15:20', 'N/A'),
	(720, 21106, 1696, 5, 'app.userlogin', '2025-10-06 15:40:12', '2025-10-06 15:40:12', 'N/A'),
	(721, 21106, 1701, 5, 'app.userlogin', '2025-10-06 15:50:01', '2025-10-06 15:50:01', 'N/A'),
	(722, 21106, 1706, 5, 'app.userlogin', '2025-10-06 16:48:40', '2025-10-06 16:48:40', 'N/A'),
	(723, 21106, 1711, 5, 'app.userlogin', '2025-10-06 16:57:41', '2025-10-06 16:57:41', 'N/A'),
	(724, 21106, 1716, 5, 'app.userlogin', '2025-10-06 17:16:15', '2025-10-06 17:16:15', 'N/A'),
	(725, 21106, 1721, 5, 'app.userlogin', '2025-10-07 11:47:59', '2025-10-07 11:47:59', 'N/A'),
	(726, 21106, 1726, 5, 'app.userlogin', '2025-10-07 12:03:47', '2025-10-07 12:03:47', 'N/A'),
	(727, 21106, 1731, 5, 'app.userlogin', '2025-10-07 12:28:48', '2025-10-07 12:28:48', 'N/A'),
	(728, 21106, 1736, 5, 'app.userlogin', '2025-10-07 12:32:07', '2025-10-07 12:32:07', 'N/A'),
	(729, 21106, 1741, 5, 'app.userlogin', '2025-10-07 12:44:03', '2025-10-07 12:44:03', 'N/A'),
	(730, 21106, 1746, 5, 'app.userlogin', '2025-10-07 12:46:28', '2025-10-07 12:46:28', 'N/A'),
	(731, 21106, 1751, 5, 'app.userlogin', '2025-10-07 12:48:35', '2025-10-07 12:48:35', 'N/A'),
	(732, 21106, 1756, 5, 'app.userlogin', '2025-10-07 12:52:39', '2025-10-07 12:52:39', 'N/A'),
	(733, 21106, 1761, 5, 'app.userlogin', '2025-10-07 13:34:23', '2025-10-07 13:34:23', 'N/A'),
	(734, 21106, 1766, 5, 'app.userlogin', '2025-10-07 13:36:26', '2025-10-07 13:36:26', 'N/A'),
	(735, 21106, 1771, 5, 'app.userlogin', '2025-10-07 16:42:45', '2025-10-07 16:42:45', 'N/A');

-- Volcando estructura para tabla rigola.credits
CREATE TABLE IF NOT EXISTS `credits` (
  `id` int(10) unsigned NOT NULL AUTO_INCREMENT,
  `user_id` int(11) NOT NULL,
  `balance` int(11) NOT NULL,
  `created_at` datetime NOT NULL,
  `updated_at` datetime NOT NULL,
  PRIMARY KEY (`id`)
) ENGINE=InnoDB AUTO_INCREMENT=21044 DEFAULT CHARSET=utf8mb4 COLLATE=utf8mb4_unicode_ci;

-- Volcando datos para la tabla rigola.credits: ~2 rows (aproximadamente)
INSERT INTO `credits` (`id`, `user_id`, `balance`, `created_at`, `updated_at`) VALUES
	(21042, 21105, 286, '2025-08-17 14:21:03', '2025-10-02 14:51:32'),
	(21043, 21106, 1771, '2025-08-19 10:30:29', '2025-10-07 16:42:45');

-- Volcando estructura para tabla rigola.czars
CREATE TABLE IF NOT EXISTS `czars` (
  `id` int(11) NOT NULL AUTO_INCREMENT,
  `username` varchar(255) NOT NULL,
  `password` varchar(64) NOT NULL,
  `created_at` datetime NOT NULL,
  `updated_at` datetime NOT NULL,
  `last_login` datetime NOT NULL,
  `last_ip` varchar(32) NOT NULL,
  PRIMARY KEY (`id`)
) ENGINE=InnoDB AUTO_INCREMENT=6 DEFAULT CHARSET=utf8mb4 COLLATE=utf8mb4_unicode_ci;

-- Volcando datos para la tabla rigola.czars: ~0 rows (aproximadamente)
INSERT INTO `czars` (`id`, `username`, `password`, `created_at`, `updated_at`, `last_login`, `last_ip`) VALUES
	(5, 'admin', '$2a$08$3ahZkyif19pORxaDdXeOhuwQPdf6DeRvVhf0seUDHW6.GtTyO7n9S', '2025-08-06 13:53:09', '2025-08-17 15:14:23', '2025-08-17 15:14:23', '192.168.1.1');

-- Volcando estructura para tabla rigola.encounters
CREATE TABLE IF NOT EXISTS `encounters` (
  `id` int(10) unsigned NOT NULL AUTO_INCREMENT,
  `from_user` int(11) NOT NULL,
  `to_user` int(11) NOT NULL,
  `status` int(11) NOT NULL,
  `created_at` datetime NOT NULL,
  `updated_at` datetime NOT NULL,
  PRIMARY KEY (`id`)
) ENGINE=InnoDB AUTO_INCREMENT=76 DEFAULT CHARSET=utf8mb4 COLLATE=utf8mb4_unicode_ci;

-- Volcando datos para la tabla rigola.encounters: ~0 rows (aproximadamente)

-- Volcando estructura para tabla rigola.favorites
CREATE TABLE IF NOT EXISTS `favorites` (
  `id` int(11) NOT NULL AUTO_INCREMENT,
  `from_user` int(10) unsigned NOT NULL,
  `to_user` int(10) unsigned NOT NULL,
  `created_at` datetime NOT NULL,
  `updated_at` datetime NOT NULL,
  PRIMARY KEY (`id`)
) ENGINE=InnoDB AUTO_INCREMENT=12 DEFAULT CHARSET=utf8mb4 COLLATE=utf8mb4_unicode_ci;

-- Volcando datos para la tabla rigola.favorites: ~0 rows (aproximadamente)

-- Volcando estructura para tabla rigola.gifts
CREATE TABLE IF NOT EXISTS `gifts` (
  `id` int(11) NOT NULL AUTO_INCREMENT,
  `name` varchar(50) NOT NULL,
  `icon_id` varchar(255) NOT NULL,
  `created_at` datetime NOT NULL,
  `updated_at` datetime NOT NULL,
  `price` int(11) NOT NULL,
  PRIMARY KEY (`id`)
) ENGINE=InnoDB AUTO_INCREMENT=14 DEFAULT CHARSET=utf8mb4 COLLATE=utf8mb4_unicode_ci;

-- Volcando datos para la tabla rigola.gifts: ~0 rows (aproximadamente)

-- Volcando estructura para tabla rigola.interests
CREATE TABLE IF NOT EXISTS `interests` (
  `id` int(11) unsigned NOT NULL AUTO_INCREMENT,
  `category` varchar(250) CHARACTER SET latin1 COLLATE latin1_swedish_ci NOT NULL,
  `name` varchar(250) CHARACTER SET latin1 COLLATE latin1_swedish_ci NOT NULL,
  `created_at` datetime NOT NULL,
  `updated_at` datetime NOT NULL,
  PRIMARY KEY (`id`)
) ENGINE=InnoDB AUTO_INCREMENT=11 DEFAULT CHARSET=utf8mb4 COLLATE=utf8mb4_unicode_ci;

-- Volcando datos para la tabla rigola.interests: ~0 rows (aproximadamente)

-- Volcando estructura para tabla rigola.interest_categories
CREATE TABLE IF NOT EXISTS `interest_categories` (
  `id` int(11) unsigned NOT NULL AUTO_INCREMENT,
  `name` varchar(250) NOT NULL,
  `code` varchar(250) NOT NULL,
  `created_at` datetime NOT NULL,
  `updated_at` datetime NOT NULL,
  PRIMARY KEY (`id`)
) ENGINE=InnoDB AUTO_INCREMENT=7 DEFAULT CHARSET=utf8mb4 COLLATE=utf8mb4_unicode_ci;

-- Volcando datos para la tabla rigola.interest_categories: ~0 rows (aproximadamente)

-- Volcando estructura para tabla rigola.meetme
CREATE TABLE IF NOT EXISTS `meetme` (
  `id` int(10) unsigned NOT NULL AUTO_INCREMENT,
  `from_user` int(11) NOT NULL,
  `to_user` int(11) NOT NULL,
  `created_at` datetime NOT NULL,
  `updated_at` datetime NOT NULL,
  PRIMARY KEY (`id`)
) ENGINE=InnoDB AUTO_INCREMENT=24 DEFAULT CHARSET=utf8mb4 COLLATE=utf8mb4_unicode_ci;

-- Volcando datos para la tabla rigola.meetme: ~0 rows (aproximadamente)

-- Volcando estructura para tabla rigola.notifications
CREATE TABLE IF NOT EXISTS `notifications` (
  `id` int(10) unsigned NOT NULL AUTO_INCREMENT,
  `from_user` int(11) NOT NULL,
  `to_user` int(11) NOT NULL,
  `status` int(11) NOT NULL,
  `notify_status` int(11) NOT NULL,
  `type` varchar(200) CHARACTER SET latin1 COLLATE latin1_swedish_ci NOT NULL,
  `created_at` datetime NOT NULL,
  `updated_at` datetime NOT NULL,
  PRIMARY KEY (`id`)
) ENGINE=InnoDB AUTO_INCREMENT=380 DEFAULT CHARSET=utf8mb4 COLLATE=utf8mb4_unicode_ci;

-- Volcando datos para la tabla rigola.notifications: ~3 rows (aproximadamente)
INSERT INTO `notifications` (`id`, `from_user`, `to_user`, `status`, `notify_status`, `type`, `created_at`, `updated_at`) VALUES
	(377, 21106, 21105, 1, 0, 'profilevisit', '2025-09-29 15:17:53', '2025-09-29 15:18:56'),
	(378, 21106, 21105, 1, 0, 'profilevisit', '2025-09-29 15:17:53', '2025-09-29 15:18:56'),
	(379, 21106, 21105, 1, 0, 'profilevisit', '2025-09-29 15:17:53', '2025-09-29 15:18:56');

-- Volcando estructura para tabla rigola.packages
CREATE TABLE IF NOT EXISTS `packages` (
  `id` int(10) unsigned NOT NULL AUTO_INCREMENT,
  `credits` int(11) NOT NULL,
  `cost` int(11) NOT NULL,
  `created_at` datetime NOT NULL,
  `updated_at` datetime NOT NULL,
  PRIMARY KEY (`id`)
) ENGINE=InnoDB AUTO_INCREMENT=17 DEFAULT CHARSET=utf8 COLLATE=utf8_unicode_ci;

-- Volcando datos para la tabla rigola.packages: ~2 rows (aproximadamente)
INSERT INTO `packages` (`id`, `credits`, `cost`, `created_at`, `updated_at`) VALUES
	(12, 50, 50, '2014-02-23 15:19:48', '2014-02-23 15:19:48'),
	(16, 10, 10, '2014-02-23 15:21:24', '2014-02-23 15:21:24');

-- Volcando estructura para tabla rigola.photos
CREATE TABLE IF NOT EXISTS `photos` (
  `id` int(10) unsigned NOT NULL AUTO_INCREMENT,
  `photo_id` varchar(100) CHARACTER SET latin1 COLLATE latin1_swedish_ci NOT NULL,
  `user_id` int(11) NOT NULL,
  `rating` float NOT NULL,
  `no_users` int(11) NOT NULL,
  `created_at` datetime NOT NULL,
  `updated_at` datetime NOT NULL,
  PRIMARY KEY (`id`)
) ENGINE=InnoDB AUTO_INCREMENT=72 DEFAULT CHARSET=utf8mb4 COLLATE=utf8mb4_unicode_ci;

-- Volcando datos para la tabla rigola.photos: ~0 rows (aproximadamente)

-- Volcando estructura para tabla rigola.photo_comments
CREATE TABLE IF NOT EXISTS `photo_comments` (
  `id` int(11) unsigned NOT NULL AUTO_INCREMENT,
  `user_id` int(11) unsigned NOT NULL,
  `album_id` int(11) unsigned NOT NULL,
  `message` mediumtext NOT NULL,
  `created_at` datetime NOT NULL,
  `updated_at` datetime NOT NULL,
  PRIMARY KEY (`id`)
) ENGINE=InnoDB AUTO_INCREMENT=5 DEFAULT CHARSET=utf8mb4 COLLATE=utf8mb4_unicode_ci;

-- Volcando datos para la tabla rigola.photo_comments: ~0 rows (aproximadamente)

-- Volcando estructura para tabla rigola.photo_rater
CREATE TABLE IF NOT EXISTS `photo_rater` (
  `id` int(11) NOT NULL AUTO_INCREMENT,
  `user_id` int(11) NOT NULL,
  `rating` int(11) NOT NULL,
  `photo_id` varchar(255) CHARACTER SET latin1 COLLATE latin1_swedish_ci NOT NULL,
  `created_at` datetime NOT NULL,
  `updated_at` datetime NOT NULL,
  PRIMARY KEY (`id`)
) ENGINE=InnoDB AUTO_INCREMENT=29 DEFAULT CHARSET=utf8mb4 COLLATE=utf8mb4_unicode_ci;

-- Volcando datos para la tabla rigola.photo_rater: ~0 rows (aproximadamente)

-- Volcando estructura para tabla rigola.profiles
CREATE TABLE IF NOT EXISTS `profiles` (
  `id` int(10) unsigned NOT NULL AUTO_INCREMENT,
  `user_id` int(11) NOT NULL,
  `relationshipstatus` int(11) NOT NULL DEFAULT 0,
  `bodytype` int(11) NOT NULL DEFAULT 0,
  `haircolor` int(11) NOT NULL DEFAULT 0,
  `eyecolor` int(11) NOT NULL DEFAULT 0,
  `living` int(11) NOT NULL DEFAULT 0,
  `smoking` int(11) NOT NULL DEFAULT 0,
  `drinking` int(11) NOT NULL DEFAULT 0,
  `education` int(11) NOT NULL DEFAULT 0,
  `children` int(11) NOT NULL DEFAULT 0,
  `aboutme` varchar(255) NOT NULL,
  `interestedin` varchar(255) NOT NULL,
  `created_at` datetime NOT NULL,
  `updated_at` datetime NOT NULL,
  `popularity` int(11) NOT NULL,
  `whyamihere` int(11) NOT NULL,
  `preferred_gender` int(1) NOT NULL,
  `preferred_age` int(1) NOT NULL,
  PRIMARY KEY (`id`)
) ENGINE=InnoDB AUTO_INCREMENT=21058 DEFAULT CHARSET=utf8mb4 COLLATE=utf8mb4_unicode_ci;

-- Volcando datos para la tabla rigola.profiles: ~2 rows (aproximadamente)
INSERT INTO `profiles` (`id`, `user_id`, `relationshipstatus`, `bodytype`, `haircolor`, `eyecolor`, `living`, `smoking`, `drinking`, `education`, `children`, `aboutme`, `interestedin`, `created_at`, `updated_at`, `popularity`, `whyamihere`, `preferred_gender`, `preferred_age`) VALUES
	(21056, 21105, 1, 4, 0, 0, 0, 0, 0, 0, 0, '', '', '2025-08-17 14:21:03', '2025-08-19 14:20:20', 0, 1, 2, 3),
	(21057, 21106, 1, 0, 0, 0, 0, 0, 0, 0, 0, '', '', '2025-08-19 10:30:29', '2025-09-29 15:17:44', 0, 1, 3, 3);

-- Volcando estructura para tabla rigola.reward_packages
CREATE TABLE IF NOT EXISTS `reward_packages` (
  `id` int(11) NOT NULL AUTO_INCREMENT,
  `reason` varchar(255) CHARACTER SET latin1 COLLATE latin1_swedish_ci NOT NULL,
  `credits` int(11) NOT NULL,
  `status` int(11) NOT NULL,
  `created_at` datetime NOT NULL,
  `updated_at` datetime NOT NULL,
  PRIMARY KEY (`id`)
) ENGINE=InnoDB AUTO_INCREMENT=11 DEFAULT CHARSET=utf8mb4 COLLATE=utf8mb4_unicode_ci;

-- Volcando datos para la tabla rigola.reward_packages: ~7 rows (aproximadamente)
INSERT INTO `reward_packages` (`id`, `reason`, `credits`, `status`, `created_at`, `updated_at`) VALUES
	(1, 'user.visit.profile', 20, 1, '0000-00-00 00:00:00', '2014-03-29 21:42:31'),
	(2, 'user.profile.visited', 10, 1, '0000-00-00 00:00:00', '2014-03-29 21:42:31'),
	(3, 'message.request.send', 10, 1, '0000-00-00 00:00:00', '2014-03-29 21:42:31'),
	(5, 'user.encounter.yes', 20, 1, '0000-00-00 00:00:00', '2014-03-29 21:42:31'),
	(6, 'album.photo.upload', 10, 1, '0000-00-00 00:00:00', '2014-03-29 21:42:31'),
	(7, 'profile.photo.upload', 15, 1, '0000-00-00 00:00:00', '2014-03-29 21:42:31'),
	(8, 'user.login', 5, 1, '0000-00-00 00:00:00', '2014-03-29 21:42:31');

-- Volcando estructura para tabla rigola.sessions
CREATE TABLE IF NOT EXISTS `sessions` (
  `id` varchar(40) NOT NULL,
  `last_activity` int(11) NOT NULL,
  `data` mediumtext NOT NULL,
  `user_id` int(11) NOT NULL DEFAULT 0,
  PRIMARY KEY (`id`)
) ENGINE=InnoDB DEFAULT CHARSET=utf8mb4 COLLATE=utf8mb4_unicode_ci;

-- Volcando datos para la tabla rigola.sessions: ~2 rows (aproximadamente)
INSERT INTO `sessions` (`id`, `last_activity`, `data`, `user_id`) VALUES
	('rb2rNYv5lytXfi279cVhWUdKEiIgHvaxul3t6udV', 1759857078, 'a:5:{s:5:":new:";a:0:{}s:5:":old:";a:0:{}s:10:"csrf_token";s:40:"fXEzFMBZVbCGFDfsDgPCUOo37d9hIamOmZDvwl5h";s:20:"session_captcha_hash";s:60:"$2a$08$yDmAP9sYotVr.sb1WXMX2.Pirhp/bvDfiRWGAGFmpwLENdLf9tm4q";s:35:"laravel_auth_drivers_eloquent_login";i:21106;}', 21106),
	('yBy6qNGomC0JZseFPSR4R11UuYxwfGpjtwz0vH32', 1759854964, 'a:3:{s:5:":new:";a:0:{}s:5:":old:";a:0:{}s:10:"csrf_token";s:40:"eVyTjCwoUJbN5HVvMatTSooIBmt1ZA41sTIFvifD";}', 0);

-- Volcando estructura para tabla rigola.settings
CREATE TABLE IF NOT EXISTS `settings` (
  `id` int(10) unsigned NOT NULL AUTO_INCREMENT,
  `name` varchar(200) NOT NULL,
  `value` varchar(200) NOT NULL,
  `created_at` datetime NOT NULL,
  `updated_at` datetime NOT NULL,
  PRIMARY KEY (`id`)
) ENGINE=InnoDB AUTO_INCREMENT=148 DEFAULT CHARSET=utf8mb4 COLLATE=utf8mb4_unicode_ci;

-- Volcando datos para la tabla rigola.settings: ~122 rows (aproximadamente)
INSERT INTO `settings` (`id`, `name`, `value`, `created_at`, `updated_at`) VALUES
	(4, 'language', 'en', '2013-09-07 15:50:28', '2013-12-09 02:09:55'),
	(5, 'title', 'Sentir Chat', '2013-09-07 16:12:40', '2025-08-06 13:53:09'),
	(8, 'fbid', '1448925048715437', '2013-10-02 13:00:47', '2025-08-08 11:10:45'),
	(9, 'fbsecret', 'lita1932*', '2013-10-02 13:00:47', '2025-08-08 11:10:45'),
	(10, 'defaultcredits', '6', '2013-10-02 13:28:21', '2014-02-23 15:21:43'),
	(11, 'isenabled', '-1', '2013-10-02 13:28:21', '2014-03-24 15:49:09'),
	(12, 'iscredits', '-1', '2013-10-02 13:32:59', '2014-03-24 15:49:09'),
	(13, 'isspotlight', '0', '2013-10-02 14:01:49', '2014-03-28 10:53:42'),
	(14, 'issuperpower', '0', '2013-10-02 14:01:49', '2014-03-28 10:53:42'),
	(15, 'theme', 'metronic', '2013-10-03 16:28:41', '2013-10-03 16:41:22'),
	(16, 'paypalusername', '', '2013-10-05 08:43:12', '2014-03-29 22:34:51'),
	(17, 'paypalidentitytoken', '', '2013-10-05 08:43:12', '2013-12-25 15:56:58'),
	(22, 'encounters_without_pic', '-1', '2013-10-18 02:06:06', '2014-03-24 15:49:09'),
	(23, 'email_host', 'smtp.gmail.com', '2013-10-28 12:24:44', '2025-08-07 16:15:59'),
	(24, 'email_port', '465', '2013-10-28 12:24:44', '2025-08-17 13:44:08'),
	(25, 'email_username', 'rac1408@gmail.com', '2013-10-28 12:24:44', '2025-08-17 14:20:50'),
	(26, 'email_password', 'oqql zokx zbey zcom', '2013-10-28 12:24:44', '2025-08-07 16:15:59'),
	(27, 'email_encryption', 'ssl', '2013-10-28 12:24:44', '2013-10-28 12:24:44'),
	(28, 'email_notification_profile_visitor', '1', '2013-10-28 13:12:12', '2014-03-28 12:16:43'),
	(30, 'email_notification_message', '1', '2013-10-28 13:12:12', '2014-03-28 12:16:52'),
	(31, 'email_notification_meetme', '1', '2013-10-28 13:12:51', '2014-03-28 12:16:43'),
	(32, 'email_content_profile_visitor', '[from_username] just visited your profile.\r\n\r\nCheckout their profile -> [from_user_profile_link]', '2013-10-28 15:21:29', '2014-03-28 08:54:22'),
	(33, 'email_content_message', '[from_username] sent you a message!\r\n\r\n[message]', '2013-10-29 08:19:25', '2014-03-28 10:58:40'),
	(34, 'email_content_meetme', '[from_username] wants to meet you.\r\n\r\nThis is the profile  [from_user_profile_link]', '2013-10-29 08:19:31', '2014-03-28 09:47:35'),
	(35, 'email_content_forgot_password', '', '2013-10-29 08:19:38', '2013-10-29 08:19:38'),
	(36, 'email_content_email_verification', 'Verify your email\r\n\r\n[verification_no]', '2013-10-29 08:19:43', '2014-03-29 09:57:04'),
	(37, 'widget_profile_right_1', '', '2013-10-29 13:06:59', '2013-10-29 13:35:07'),
	(38, 'widget_profile_right_2', '', '2013-10-29 13:06:59', '2013-10-29 13:35:07'),
	(39, 'widget_profile_right_3', '', '2013-10-29 13:06:59', '2013-10-29 13:35:07'),
	(40, 'widget_encounter_right_1', '', '2013-10-29 13:06:59', '2013-10-29 13:47:37'),
	(41, 'widget_encounter_right_2', '', '2013-10-29 13:06:59', '2013-10-29 13:47:37'),
	(42, 'widget_above_spot_light', '', '2013-10-29 13:06:59', '2013-10-29 15:05:47'),
	(43, 'widget_below_left_side_menu', '', '2013-10-29 13:06:59', '2013-10-29 15:05:47'),
	(45, 'from_email', 'info@sentirchat.com', '2013-10-30 12:04:20', '2025-08-07 16:15:59'),
	(46, 'email_notification_disable_user', '1', '2013-11-06 23:59:16', '2014-03-28 12:16:43'),
	(47, 'email_notification_delete_photo', '0', '2013-11-06 23:59:16', '2013-11-28 17:15:28'),
	(48, 'email_notification_delete_user', '1', '2013-11-07 00:26:07', '2014-03-28 12:16:43'),
	(49, 'email_notification_profile_visitor', '-1', '2013-11-07 04:29:56', '2014-03-24 15:49:09'),
	(50, 'email_notification_want_to_meet', '-1', '2013-11-07 04:29:56', '2014-03-24 15:49:09'),
	(51, 'email_notification_message', '-1', '2013-11-07 04:29:56', '2014-03-24 15:49:09'),
	(52, 'email_notification_profile_visitor', '-1', '2013-11-07 04:30:33', '2014-03-24 15:49:09'),
	(53, 'email_notification_want_to_meet', '-1', '2013-11-07 04:30:33', '2014-03-24 15:49:09'),
	(54, 'email_notification_message', '-1', '2013-11-07 04:30:33', '2014-03-24 15:49:09'),
	(55, 'email_notification_profile_visitor', '0', '2013-11-07 04:30:46', '2013-11-07 04:30:46'),
	(56, 'email_notification_message', '0', '2013-11-07 04:30:46', '2013-11-07 04:30:46'),
	(57, 'email_notification_want_to_meet', '0', '2013-11-07 04:30:46', '2013-11-07 04:30:46'),
	(58, 'email_notification_profile_visitor', '-1', '2013-11-07 04:32:05', '2014-03-24 15:49:09'),
	(59, 'email_notification_want_to_meet', '-1', '2013-11-07 04:32:05', '2014-03-24 15:49:09'),
	(60, 'email_notification_message', '-1', '2013-11-07 04:32:05', '2014-03-24 15:49:09'),
	(61, 'email_notification_profile_visitor', '0', '2013-11-07 04:32:09', '2013-11-07 04:32:09'),
	(62, 'email_notification_message', '-1', '2013-11-07 04:32:09', '2014-03-24 15:49:09'),
	(63, 'email_notification_want_to_meet', '-1', '2013-11-07 04:32:09', '2014-03-24 15:49:09'),
	(64, 'email_notification_profile_visitor', '-1', '2013-11-07 04:32:09', '2014-03-24 15:49:09'),
	(65, 'email_notification_want_to_meet', '-1', '2013-11-07 04:32:09', '2014-03-24 15:49:09'),
	(66, 'email_notification_message', '-1', '2013-11-07 04:32:09', '2014-03-24 15:49:09'),
	(67, 'email_notification_profile_visitor', '-1', '2013-11-07 04:32:18', '2014-03-24 15:49:09'),
	(68, 'email_notification_message', '-1', '2013-11-07 04:32:18', '2014-03-24 15:49:09'),
	(69, 'email_notification_want_to_meet', '0', '2013-11-07 04:32:18', '2013-11-07 04:32:18'),
	(70, 'email_notification_profile_visitor', '-1', '2013-11-07 04:32:18', '2014-03-24 15:49:09'),
	(71, 'email_notification_want_to_meet', '-1', '2013-11-07 04:32:18', '2014-03-24 15:49:09'),
	(72, 'email_notification_message', '-1', '2013-11-07 04:32:18', '2014-03-24 15:49:09'),
	(73, 'email_notification_send_message_request', '-1', '2013-11-07 06:36:27', '2014-03-24 15:49:09'),
	(74, 'email_notification_accept_message_request', '-1', '2013-11-07 06:36:27', '2014-03-24 15:49:09'),
	(75, 'isrewards', '1', '2013-11-07 11:57:32', '2014-03-28 10:54:37'),
	(76, 'istopup', '-1', '2013-11-07 12:35:40', '2014-03-24 15:49:09'),
	(78, 'encounters_min_album_pics', '0', '2013-11-17 09:38:29', '2013-11-17 09:38:29'),
	(79, 'photorater_min_photo_to_rate', '0', '2013-11-17 09:38:29', '2013-11-17 09:38:29'),
	(80, 'photorater_min_photo_to_get_rated', '-1', '2013-11-17 09:38:29', '2014-03-24 15:49:09'),
	(81, 'email_notification_comment_photo', '1', '2013-11-17 12:07:28', '2014-03-28 12:16:43'),
	(82, 'email_notification_rate_photo', '1', '2013-11-17 12:07:28', '2014-03-28 12:16:43'),
	(83, 'email_content_rate_photo', '[from_username] rated your photo', '2013-11-17 12:12:48', '2014-03-29 16:56:20'),
	(84, 'email_subject_rate_photo', 'Rated your photo', '2013-11-17 12:12:48', '2014-03-29 16:56:20'),
	(85, 'email_content_comment_photo', '', '2013-11-17 12:12:55', '2013-11-17 12:12:55'),
	(86, 'email_subject_comment_photo', '', '2013-11-17 12:12:55', '2013-11-17 12:12:55'),
	(87, 'email_content_delete_user', '', '2013-11-28 16:02:03', '2013-11-28 16:02:03'),
	(88, 'email_subject_delete_user', '', '2013-11-28 16:02:03', '2013-11-28 16:02:03'),
	(89, 'email_content_disable_user', '', '2013-11-28 16:09:26', '2013-11-28 16:09:26'),
	(90, 'email_subject_disable_user', '', '2013-11-28 16:09:26', '2013-11-28 16:09:26'),
	(91, 'email_subject_email_verification', 'Verify Your Email', '2013-11-28 17:00:47', '2014-03-29 09:57:04'),
	(92, 'email_subject_meetme', 'Someone wants to meet you', '2013-11-28 17:01:12', '2014-03-28 09:47:35'),
	(93, 'email_content_accept_message_request', '', '2013-11-28 17:01:17', '2013-11-28 17:01:17'),
	(94, 'email_subject_accept_message_request', '', '2013-11-28 17:01:17', '2013-11-28 17:01:17'),
	(95, 'email_subject_profile_visitor', 'Someone visited your profile', '2013-11-28 17:01:23', '2014-03-28 08:54:22'),
	(96, 'email_content_send_message_request', 'm', '2013-11-28 17:01:29', '2014-03-09 14:31:46'),
	(97, 'email_subject_send_message_request', '', '2013-11-28 17:01:29', '2013-11-28 17:01:29'),
	(98, 'email_content_delete_photo', '', '2013-11-28 17:08:45', '2013-11-28 17:08:45'),
	(99, 'email_subject_delete_photo', '', '2013-11-28 17:08:45', '2013-11-28 17:08:45'),
	(100, 'email_subject_forgot_password', '', '2013-11-28 17:14:57', '2013-11-28 17:14:57'),
	(102, 'meta_keywords', '', '2013-12-25 15:20:59', '2014-03-29 22:35:03'),
	(103, 'meta_description', '', '2013-12-25 15:20:59', '2013-12-25 15:56:58'),
	(104, 'search_engine_access', '0', '2013-12-25 15:52:17', '2014-02-22 13:05:41'),
	(114, 'debug_mode', '-1', '2014-02-22 11:15:37', '2014-03-24 15:49:09'),
	(118, 'favicon', '0', '2014-02-22 12:39:25', '2014-03-29 22:34:31'),
	(119, 'description', '', '2014-02-22 13:05:14', '2014-02-22 13:06:58'),
	(120, 'google_ua', '', '2014-02-23 16:13:16', '2014-02-23 16:13:21'),
	(121, 'spotlight_cost', '40', '2014-02-23 17:50:16', '2014-02-23 17:50:16'),
	(122, 'riseup_cost', '22', '2014-02-23 17:50:16', '2014-02-23 17:51:17'),
	(123, 'superpower_cost', '30', '2014-02-23 17:50:16', '2014-02-23 17:50:16'),
	(124, 'user_languages', '{"ar":1,"bg":1,"de":1,"en":1,"es":1,"fr":1,"he":1,"hu":1,"it":1,"pt":1,"ru":1}', '2014-03-09 09:08:37', '2025-08-06 13:53:12'),
	(125, 'default_language', 'es', '2014-03-09 00:00:00', '2025-08-06 14:44:29'),
	(126, 'facebook_share', '0', '2014-03-09 15:00:48', '2014-03-29 22:36:03'),
	(127, 'no_bot', '0', '2014-03-12 21:59:37', '2014-03-29 22:37:04'),
	(128, 'bot_gender', '0', '2014-03-12 21:59:37', '2014-03-29 22:37:04'),
	(129, 'banner_top_bar', '-1', '2014-03-24 15:49:01', '2014-03-24 15:56:51'),
	(130, 'banner_bottom_bar', '-1', '2014-03-24 15:49:01', '2014-03-24 15:49:01'),
	(131, 'banner_left_side_bar', '-1', '2014-03-24 15:49:01', '2014-03-24 15:49:01'),
	(132, 'show_superpowers', '1', '2014-03-24 16:32:05', '2014-03-28 10:05:51'),
	(133, 'show_riseup_msg', '1', '2014-03-24 16:32:05', '2014-03-28 10:05:51'),
	(134, 'show_fb_invite', '1', '2014-03-24 16:32:05', '2014-03-28 10:05:51'),
	(135, 'show_photo_rater', '1', '2014-03-24 16:32:05', '2014-03-24 16:32:05'),
	(136, 'show_encounters', '1', '2014-03-24 16:32:05', '2014-03-24 16:32:05'),
	(137, 'frontbackgroundimage', '', '2014-03-27 20:54:25', '2014-03-29 22:37:12'),
	(138, 'email_content_add_contact', '[from_username] added you as contact', '2014-03-28 10:58:15', '2014-03-28 10:58:15'),
	(139, 'email_subject_add_contact', 'Added you as contact', '2014-03-28 10:58:15', '2014-03-28 10:58:15'),
	(140, 'email_subject_message', 'Sent you a message', '2014-03-28 10:58:40', '2014-03-28 10:58:40'),
	(141, 'email_notification_mutual_attraction', '1', '2014-03-28 12:16:43', '2014-03-28 12:16:43'),
	(142, 'email_notification_add_contact', '1', '2014-03-28 12:16:43', '2014-03-28 12:16:43'),
	(143, 'email_notification_send_gift', '1', '2014-03-28 12:16:43', '2014-03-28 12:16:43'),
	(144, 'email_content_send_gift', '[from_username] sent you a gift!', '2014-03-29 17:14:58', '2014-03-29 17:14:58'),
	(145, 'email_subject_send_gift', 'You received a gift', '2014-03-29 17:14:58', '2014-03-29 17:14:58'),
	(146, 'email_content_mutual_attraction', '[from_username] wants to meet you too!!', '2014-03-29 18:44:00', '2014-03-29 18:44:00'),
	(147, 'email_subject_mutual_attraction', 'Mutual Attraction', '2014-03-29 18:45:59', '2014-03-29 18:45:59');

-- Volcando estructura para tabla rigola.spotlights
CREATE TABLE IF NOT EXISTS `spotlights` (
  `id` int(10) unsigned NOT NULL AUTO_INCREMENT,
  `user_id` int(11) NOT NULL,
  `rank` int(11) NOT NULL,
  `created_at` datetime NOT NULL,
  `updated_at` datetime NOT NULL,
  PRIMARY KEY (`id`)
) ENGINE=InnoDB AUTO_INCREMENT=8 DEFAULT CHARSET=utf8mb4 COLLATE=utf8mb4_unicode_ci;

-- Volcando datos para la tabla rigola.spotlights: ~0 rows (aproximadamente)

-- Volcando estructura para tabla rigola.superpowers
CREATE TABLE IF NOT EXISTS `superpowers` (
  `id` int(11) NOT NULL AUTO_INCREMENT,
  `user_id` int(11) NOT NULL,
  `created_at` datetime NOT NULL,
  `updated_at` datetime NOT NULL,
  PRIMARY KEY (`id`)
) ENGINE=InnoDB AUTO_INCREMENT=3 DEFAULT CHARSET=utf8mb4 COLLATE=utf8mb4_unicode_ci;

-- Volcando datos para la tabla rigola.superpowers: ~0 rows (aproximadamente)

-- Volcando estructura para tabla rigola.users
CREATE TABLE IF NOT EXISTS `users` (
  `id` int(10) unsigned NOT NULL AUTO_INCREMENT,
  `email` varchar(255) NOT NULL,
  `name` varchar(255) NOT NULL,
  `password` varchar(64) DEFAULT NULL,
  `gender` int(11) NOT NULL,
  `age` int(11) NOT NULL,
  `last_login` timestamp NOT NULL DEFAULT current_timestamp() ON UPDATE current_timestamp(),
  `created_at` datetime NOT NULL,
  `updated_at` datetime NOT NULL,
  `photo_id` varchar(255) NOT NULL DEFAULT '0',
  `role` int(11) NOT NULL,
  `city` varchar(150) DEFAULT NULL,
  `country` varchar(150) DEFAULT NULL,
  `fb` varchar(255) DEFAULT NULL,
  `verified` int(11) NOT NULL,
  `verification_no` varchar(16) NOT NULL,
  `language` varchar(3) NOT NULL,
  `profile_score` int(11) NOT NULL,
  `album_count` int(11) NOT NULL,
  `lat` float(10,6) NOT NULL,
  `lng` float(10,6) NOT NULL,
  PRIMARY KEY (`id`)
) ENGINE=InnoDB AUTO_INCREMENT=21107 DEFAULT CHARSET=utf8mb4 COLLATE=utf8mb4_general_ci;

-- Volcando datos para la tabla rigola.users: ~2 rows (aproximadamente)
INSERT INTO `users` (`id`, `email`, `name`, `password`, `gender`, `age`, `last_login`, `created_at`, `updated_at`, `photo_id`, `role`, `city`, `country`, `fb`, `verified`, `verification_no`, `language`, `profile_score`, `album_count`, `lat`, `lng`) VALUES
	(21105, 'raulcasanova@yahoo.com', 'Raul', '$2a$08$PqMTDmlnvFVJvIyuQ59Y9.tafMhBaVfcMzAMn22aw4vdX5AKnxU.W', 1, 51, '2025-10-02 12:51:32', '2025-08-17 14:21:02', '2025-10-02 14:51:32', '0', 0, 'Cercedilla', 'España', NULL, 1, '68a1e54e4afae', '', 1, 0, 40.733562, -4.067369),
	(21106, 'rac1408@gmail.com', 'Raulin', '$2a$08$5m4gDA7rm9blAun1LUwIB.UvzdNbuMtth2kSRy/9gN.64ujjlwnzm', 1, 51, '2025-10-07 14:42:45', '2025-08-19 10:30:24', '2025-10-07 16:42:45', '0', 0, 'Cercedilla', 'España', NULL, 1, '68a452406d96e', '', 0, 0, 40.733452, -4.067572);

-- Volcando estructura para tabla rigola.user_gifts
CREATE TABLE IF NOT EXISTS `user_gifts` (
  `id` int(11) NOT NULL AUTO_INCREMENT,
  `type_id` int(11) NOT NULL,
  `message` mediumtext NOT NULL,
  `from_user` int(11) NOT NULL,
  `to_user` int(11) NOT NULL,
  `created_at` datetime NOT NULL,
  `updated_at` datetime NOT NULL,
  PRIMARY KEY (`id`)
) ENGINE=InnoDB AUTO_INCREMENT=7 DEFAULT CHARSET=utf8mb4 COLLATE=utf8mb4_unicode_ci;

-- Volcando datos para la tabla rigola.user_gifts: ~0 rows (aproximadamente)

-- Volcando estructura para tabla rigola.user_interests
CREATE TABLE IF NOT EXISTS `user_interests` (
  `id` int(11) NOT NULL AUTO_INCREMENT,
  `interest_id` int(11) unsigned NOT NULL,
  `user_id` int(11) unsigned NOT NULL,
  `created_at` datetime NOT NULL,
  `updated_at` datetime NOT NULL,
  PRIMARY KEY (`id`)
) ENGINE=InnoDB AUTO_INCREMENT=7 DEFAULT CHARSET=utf8mb4 COLLATE=utf8mb4_unicode_ci;

-- Volcando datos para la tabla rigola.user_interests: ~0 rows (aproximadamente)

-- Volcando estructura para tabla rigola.user_settings
CREATE TABLE IF NOT EXISTS `user_settings` (
  `id` int(11) NOT NULL AUTO_INCREMENT,
  `user_id` int(11) NOT NULL,
  `name` varchar(255) NOT NULL,
  `value` varchar(255) NOT NULL,
  `created_at` datetime NOT NULL,
  `updated_at` datetime NOT NULL,
  PRIMARY KEY (`id`)
) ENGINE=InnoDB AUTO_INCREMENT=40 DEFAULT CHARSET=utf8mb4 COLLATE=utf8mb4_unicode_ci;

-- Volcando datos para la tabla rigola.user_settings: ~20 rows (aproximadamente)
INSERT INTO `user_settings` (`id`, `user_id`, `name`, `value`, `created_at`, `updated_at`) VALUES
	(20, 21105, 'show_me_offline', '0', '2025-08-17 14:21:03', '2025-08-17 14:21:03'),
	(21, 21105, 'hide_from_search', '0', '2025-08-17 14:21:03', '2025-08-17 14:21:03'),
	(22, 21105, 'send_add_contact_email', '1', '2025-08-17 14:21:03', '2025-08-17 14:21:03'),
	(23, 21105, 'send_meet_me_email', '1', '2025-08-17 14:21:03', '2025-08-17 14:21:03'),
	(24, 21105, 'send_photo_commented_email', '1', '2025-08-17 14:21:03', '2025-08-17 14:21:03'),
	(25, 21105, 'send_photo_rated_email', '1', '2025-08-17 14:21:03', '2025-08-17 14:21:03'),
	(26, 21105, 'send_message_sent_email', '1', '2025-08-17 14:21:03', '2025-08-17 14:21:03'),
	(27, 21105, 'send_profile_visitor_email', '1', '2025-08-17 14:21:03', '2025-08-17 14:21:03'),
	(28, 21105, 'send_gift_sent_email', '1', '2025-08-17 14:21:03', '2025-08-17 14:21:03'),
	(29, 21105, 'send_mutual_attraction_email', '1', '2025-08-17 14:21:03', '2025-08-17 14:21:03'),
	(30, 21106, 'show_me_offline', '0', '2025-08-19 10:30:29', '2025-08-19 10:30:29'),
	(31, 21106, 'hide_from_search', '0', '2025-08-19 10:30:29', '2025-08-19 10:30:29'),
	(32, 21106, 'send_add_contact_email', '1', '2025-08-19 10:30:29', '2025-08-19 10:30:29'),
	(33, 21106, 'send_meet_me_email', '1', '2025-08-19 10:30:29', '2025-08-19 10:30:29'),
	(34, 21106, 'send_photo_commented_email', '1', '2025-08-19 10:30:29', '2025-08-19 10:30:29'),
	(35, 21106, 'send_photo_rated_email', '1', '2025-08-19 10:30:29', '2025-08-19 10:30:29'),
	(36, 21106, 'send_message_sent_email', '1', '2025-08-19 10:30:29', '2025-08-19 10:30:29'),
	(37, 21106, 'send_profile_visitor_email', '1', '2025-08-19 10:30:29', '2025-08-19 10:30:29'),
	(38, 21106, 'send_gift_sent_email', '1', '2025-08-19 10:30:29', '2025-08-19 10:30:29'),
	(39, 21106, 'send_mutual_attraction_email', '1', '2025-08-19 10:30:29', '2025-08-19 10:30:29');

/*!40103 SET TIME_ZONE=IFNULL(@OLD_TIME_ZONE, 'system') */;
/*!40101 SET SQL_MODE=IFNULL(@OLD_SQL_MODE, '') */;
/*!40014 SET FOREIGN_KEY_CHECKS=IFNULL(@OLD_FOREIGN_KEY_CHECKS, 1) */;
/*!40101 SET CHARACTER_SET_CLIENT=@OLD_CHARACTER_SET_CLIENT */;
/*!40111 SET SQL_NOTES=IFNULL(@OLD_SQL_NOTES, 1) */;
